repository	path	commit	sha256
0x000000/microfrontends_template	gemfiles/2021/0x000000/microfrontends_template/Gemfile	45734cd8ea5cd1cbd1c19722a3589c497dec57f2	47df2928386ebb4411ccc28ada11af48d0a1320ee8e774f2a34bed7efc079d17
18F/C2	gemfiles/2021/18F/C2/Gemfile	de18e920d2998d6a7218895d1b36a442f566557c	e84aeb4cb1f9ba0b17de1de3681438960c0fe499af3da602010e1f75493841af
18F/identity-idp	gemfiles/2021/18F/identity-idp/Gemfile	df64aec136d8f8d7c237fa1323caa84d88061e22	b9b1376c0c33b29acd6a7c5669d3cd491284cb4072e52122317edd5225efb2ec
18F/identity-idp	gemfiles/2022/18F/identity-idp/Gemfile	810073a404ff4ff00f3e4d983e5c938648815495	a33bcd22ccf8a6bfbf2d5f34c8de984558ac52a9f5ccdb10095627d42f4fc97f
18F/identity-idp	gemfiles/2023/18F/identity-idp/Gemfile	cf30024defb2701ae51652af9d49b62adfcfc3fb	6bc649adf3ffb7a431f2f56dc6ee656b1fff31700c9230eb2c735189db62e071
18F/identity-idp	gemfiles/2024/18F/identity-idp/Gemfile	33b9723a2b58e82366ce081507d5c92cebc7e0ba	89c1aa666b0614fe7d2d4283535f9af59abc86e02db0dea2f3707864cd1176d5
18F/identity-idp	gemfiles/2025/18F/identity-idp/Gemfile	67c84ab05000d25db5a5cadde47a9359141c0c0e	c42d6a6edce56ffdc4a46e88a060c9a0bf51cf76734311d8161372e5092023a5
18F/identity-idp	gemfiles/2026/18F/identity-idp/Gemfile	62cf38755d0d6fbdd5e8d972f184944a830ba8d9	631a1c83661c822d7509ce79d45d6e6c65b9b7c24794146bad3a697362b718cc
24pullrequests/24pullrequests	gemfiles/2021/24pullrequests/24pullrequests/Gemfile	ef0a96177b3b3cd066040d75f5b6ace56a8ef1c1	478b0424043d3806906ee424f2c5bb2fa1296bc5cf329289296416b6c2022a33
24pullrequests/24pullrequests	gemfiles/2022/24pullrequests/24pullrequests/Gemfile	875e629651dfd9ca60432aa2f30f89b09d5fbdae	3b7207bf9bd908db8567d2bafcde8135e1dacf6d8b9e1f559f6943e7613db1be
24pullrequests/24pullrequests	gemfiles/2023/24pullrequests/24pullrequests/Gemfile	fcfccf517c03167285ca6b64a0f9421c6cd6b283	4aed2be314dbbb1f491ae8ce9d90c4c6697506cd26a7798d909d781497627cdf
24pullrequests/24pullrequests	gemfiles/2024/24pullrequests/24pullrequests/Gemfile	8547171679e4224d399eb18ab45c805d9a2a1a31	cea82851181388f06d7cb6713fe672ab6c0e701bceb1311e3174413497bb91e8
24pullrequests/24pullrequests	gemfiles/2025/24pullrequests/24pullrequests/Gemfile	b5747abaf1c5fd739da98799a81ccf6ef2a5d22c	d87aa2b80f7e5ab264741637d634d22f337af8de64ddaf15fddbd44364ec64ca
24pullrequests/24pullrequests	gemfiles/2026/24pullrequests/24pullrequests/Gemfile	88c2e819208725eb0087ab1512d3d80cd4fb55cd	4d87d8f5601c1cb8640ef0880a59b24896d7ee79356b4522b12afa01d5945eaa
3scale/porta	gemfiles/2021/3scale/porta/Gemfile	98faf03d53d822e2e04680d844de78d99c4763be	a4215d0a7130b4be24795c27deada63823a3af20376b28be8ca4d0a15cf1bb20
3scale/porta	gemfiles/2022/3scale/porta/Gemfile	b3b774b16bb3be0c3f87cb456227df3aa1c5db2b	143af9f667433265c5ab3df6d56bddb6c7b622ef7098d41ee47de05595796dd8
3scale/porta	gemfiles/2023/3scale/porta/Gemfile	7bef28b878046e542cc10635ed47c5e440f1a1da	79ec34b3be0a3b1a6390bac526dc9584801ec21613a537a20f422c876a0cfae2
3scale/porta	gemfiles/2024/3scale/porta/Gemfile	e1c50bfae266ce78a3756d20d026a6675dae3e58	4d350f34e64ebdee194cbd860b1b576dc92afeed07a235e71831fd183a7b24d8
3scale/porta	gemfiles/2025/3scale/porta/Gemfile	26de1460775cb0c6e16837b2ea0bd833c1470777	45aea776f8042fea3fbf83bd68eb00883ea54872b4e1f14697ff318592184ba4
3scale/porta	gemfiles/2026/3scale/porta/Gemfile	ce6603ebcb0dbd81a2df4a926a2aaa4022a44f78	5cc37805e62f66cc541baa48492a832df01531e21cd39a4fce911fefab1ce2a4
3zcurdia/mini_otp	gemfiles/2023/3zcurdia/mini_otp/Gemfile	228469ac2ca3584e80aad3faec0dd081d1fb9a08	8ffd521b929b3df510434ddd66e22450f43d716ca90bb1b7f20c467c9039ac03
3zcurdia/mini_otp	gemfiles/2024/3zcurdia/mini_otp/Gemfile	6fa359d31cdc49a935b60e19ed328cb8ccb76946	32503389af2807f7fc5ed1cbd7e8cbaf60a22c1742b2f296076b9b2e1756ae5b
3zcurdia/mini_otp	gemfiles/2025/3zcurdia/mini_otp/Gemfile	b730402a01622044cac73a5a66579fcda59dfa7f	70c8ce67748f66fe495edbb83a04c25fe0ae14f9c8c7a43d7d325417c5f435f3
3zcurdia/mini_otp	gemfiles/2026/3zcurdia/mini_otp/Gemfile	9639aefc6e563f7515395ad641852b618ddc9614	13b4c7274b9d7aba0db74325782ae607eae765c1a6cfbba5a9326e7fbbd58c93
ASoftCo/shopify-app-starter-kit	gemfiles/2021/ASoftCo/shopify-app-starter-kit/Gemfile	148fcaf0377d4b1d0e92029d3ed98ce37a0cfc86	6e25f8e443960e3d5a64c0be5a6289007002a275bde4e4f4058d440883cafc50
AfolabiOlaoluwa/marley-spoon-roda	gemfiles/2021/AfolabiOlaoluwa/marley-spoon-roda/Gemfile	3528391599f00e6cd980d0abb10194773cad1df3	d2466e340c37c62a1a4c42aaf3a47423d8cb0d1433e91ead1edb5e2f5c774c06
AgileVentures/LocalSupport	gemfiles/2021/AgileVentures/LocalSupport/Gemfile	53daf1570052ac258d08dc5b6188a4ab421b1169	0598c1a93b8951b2ead459968f99232e0d4ebf81b3c003967dec708da830b4d1
AgileVentures/WebsiteOne	gemfiles/2021/AgileVentures/WebsiteOne/Gemfile	fd9716a126ea00a3eda0fade28323521b6debe22	c986a4d0b289479ce4266e44d52652fe7bcf7ebd3c0eec85d5c81dc475953131
AgileVentures/WebsiteOne	gemfiles/2022/AgileVentures/WebsiteOne/Gemfile	1701a71548bbca4f2fa1756b7b81e482d05fc60c	499ec7d07e96c0ea43a55427485d5969a59b107a7053b3564a4db14724deb5d1
AgileVentures/WebsiteOne	gemfiles/2023/AgileVentures/WebsiteOne/Gemfile	15f7edb09b207d997fdc311a1f36097446b7b763	d2c2be5c9d6a424909dcfd2aa0f0fceb531ac1d2a37a2ba650bd43e92848061b
AlekseyPn/link_shortener	gemfiles/2021/AlekseyPn/link_shortener/Gemfile	a4429d080b1999d6434e91a00417c630a91cab19	aac1f4678f82e3b18f9e41c862e956eb92ed1add7a5b5a46930272c43537ed73
Alexoid1/Biologist-app	gemfiles/2021/Alexoid1/Biologist-app/Gemfile	d0b208717d1e18bc892eb3ca7e4584aa8df09b00	d051bb6c424dcbf2eb27957b7827495ec707b07717bd6d75064e833cbad1db0a
AndrewRadev/switch.vim	gemfiles/2021/AndrewRadev/switch.vim/Gemfile	900c5d3ee79b1771c5e07bf7290068ea35881756	83489f59b912ba25459a849a458eb11046245ef4426c78f6e974cfb74e60ae46
AndyObtiva/glimmer	gemfiles/2021/AndyObtiva/glimmer/Gemfile	9e175f9a9a3eeca3b4027455e46b2fdd3d0e6cb0	64a419da304b4ec8653ed7a9670eb6a8824245eae8327e4330c62ef4f3b6a58e
AndyObtiva/glimmer	gemfiles/2024/AndyObtiva/glimmer/Gemfile	604d4cfef88d9669dc82836af694415452523970	33adbe67995a4f21f8baad42e378ae2dddbc8a304b1afce944839b625f6d57d3
AndyObtiva/glimmer	gemfiles/2026/AndyObtiva/glimmer/Gemfile	a034b5ff3ac28370778762a412d52dd4726abb8a	dea347d501e853c0e006098f01f722f0a2d0a66cc4e3a91be6433df917a02a3e
AndyObtiva/glimmer-dsl-swt	gemfiles/2021/AndyObtiva/glimmer-dsl-swt/Gemfile	3ba359ae2d6dfac72b44618f65bfee7c556d6eab	a9a4c9e36b95cabdc86865fddcfc2a03fbfccffed00bf8e676383645e35277cf
AndyObtiva/glimmer-dsl-swt	gemfiles/2022/AndyObtiva/glimmer-dsl-swt/Gemfile	3465d6d1a507a146c5b12f1e2af4f16dd97dee81	6c1469ce53ddcbb37481359d52f1b243a53ae512e0a609e5bb97255f8739d936
AndyObtiva/glimmer-dsl-swt	gemfiles/2023/AndyObtiva/glimmer-dsl-swt/Gemfile	feafa2f68d601389ee56b32ac648beba7b5f41c4	fb7ba98e87ae77de6bb908ac4fd5cc910b0d1d2f4e80673c1f29ceeb2112fa56
AndyObtiva/glimmer-dsl-swt	gemfiles/2025/AndyObtiva/glimmer-dsl-swt/Gemfile	449cf07ada1ec965ae2ac91715ccdf22488df4ca	025f68be586ccffe424220b2d28eba3ffab6f2ddbdf28dcc022b52460f1c763a
Bajena/flashcard-genius	gemfiles/2021/Bajena/flashcard-genius/Gemfile	ca4ff0a47f8fa8657edc5793be609311edc0a5b2	4fb8f93d30e184ae4a821e1cab85a5bd8759aa5ab5d49e99f86b7d51e8c9e3b9
BaseMax/WebSinatra	gemfiles/2022/BaseMax/WebSinatra/Gemfile	12f93ae1bcc658e343a6dfb98105e4eff7bb8cdf	ae3094f9a7f5d9704bc7f698a7498b72d9e8699199aa32e4bc584f1dec6046b9
BenoitMC/minifeed.rails	gemfiles/2021/BenoitMC/minifeed.rails/Gemfile	e286982c11d6e60d81ab2fb5b3ba146e896e73fc	61222d997b85e2d1b66ac3179df71a2e68ad5c8d2db0ed38b04569519d0d74b5
BenoitMC/minifeed.rails	gemfiles/2022/BenoitMC/minifeed.rails/Gemfile	8831a012799d54bfe1ee4566e2fd2416b0e465c7	f3f477c57ac6aeba063a270d1c40043ead0ec82bf73acb75ed3efaea13f2aeab
BenoitMC/minifeed.rails	gemfiles/2023/BenoitMC/minifeed.rails/Gemfile	0bddda14af418de95af65fadae142b13fab65a96	81817674cef8a8e7c233e8f93917f126ad96ce4d7596599e822a6129aa324e02
BenoitMC/minifeed.rails	gemfiles/2024/BenoitMC/minifeed.rails/Gemfile	6d7e81791adfa96ce2f2c522b880fa1c9e4aa3ae	61087133bafd30c624729f397c094e43831cda0993393078f33d63cae282e6ae
BenoitMC/minifeed.rails	gemfiles/2025/BenoitMC/minifeed.rails/Gemfile	f1c97f153ebd889cd2c1928e603817ae20a303c2	0fed9a0a9c6083df414897ac520bf76ecf41cc2959641f6d59cdc232c961e4bf
BenoitMC/minifeed.rails	gemfiles/2026/BenoitMC/minifeed.rails/Gemfile	1d84ac53a9e55410d134472b389bbb2b58e4b643	ce5805fe681e9da7fc3469ca560aec5f345c43feb34445f0f841eca104132a2a
Bismarck-GM/liFEsMemes-Rails	gemfiles/2021/Bismarck-GM/liFEsMemes-Rails/Gemfile	e29effa79eac29c50de1423a8ed1dec91ca1f9d3	a8d4cb8a59e76e352542cd126888124e62b5a5e1ab39ac7f169bea008c297962
Bright-Phiri/StylePos-API	gemfiles/2023/Bright-Phiri/StylePos-API/Gemfile	ace0598cb9f29d914df362ed6d05867bcd2c3aca	2dcba867c5cd05fe8593b3101edc602556aaab377df7cf70af22436be92764eb
Bright-Phiri/StylePos-API	gemfiles/2024/Bright-Phiri/StylePos-API/Gemfile	20120b4053a54e74dcfc778d8363303ed4be1347	5b42b4735e9f989ffcb49ff3f4428471d6fb79a1cc0a6e69ece623c63f52afbb
Bright-Phiri/StylePos-API	gemfiles/2025/Bright-Phiri/StylePos-API/Gemfile	270f7610995c3306644a201eeca1ddf2b8bb11be	c65df752389a92008657527822bab3a9a34f18ce01a3d36d9ae8b0727da845d5
Bulletdev/bulletonrails-ruby	gemfiles/2026/Bulletdev/bulletonrails-ruby/Gemfile	b6bf0feb9c849440cb61640f362f96e139885227	07eef38d96d4ca429c66c013e40fba199058f1b9887a0e58a1472057cb3ead67
CarlosLeonCode/lrn-hanami-framework-ruby	gemfiles/2022/CarlosLeonCode/lrn-hanami-framework-ruby/Gemfile	01f69b6da32c3295a6de9dffe968c7a2e6f3a538	c7ec75c8d37a4ed4c3c95ee405dc7c2988bc044c31d7083cc67c7c52ef0a454f
Charcoal-SE/metasmoke	gemfiles/2021/Charcoal-SE/metasmoke/Gemfile	a11af9a991f76d0912496188ccd4ef13d0a01d4b	11b2a29efc4fb233f45b6995aca2f402bfc3671da5e602b1e977257a91ca2007
Charcoal-SE/metasmoke	gemfiles/2022/Charcoal-SE/metasmoke/Gemfile	f2d749619befaf6ee01bbb540c9141a65c2b2594	dc33faaed6d319890df24206b849d80730e2d2c60c53173424073c16b1b8a167
Charcoal-SE/metasmoke	gemfiles/2023/Charcoal-SE/metasmoke/Gemfile	3cdcb3e2f0ed4d0eb7fe3caffd1c0f1c920d610f	f6b83faaf3707eb20e91230dc5b0cf9dd2a11992266b105f64aa215ac826c8d9
ClaudiaRojasSoto/Blog_App	gemfiles/2023/ClaudiaRojasSoto/Blog_App/Gemfile	d9e4437c278c111fca4ea43611af88df0f4eaa5f	1c4f2c1e5c9b770c69b38bc1c326240e7eddb6ab3edb7a18451417e26eb2785c
ClaudiaRojasSoto/Hello_Rails	gemfiles/2023/ClaudiaRojasSoto/Hello_Rails/Gemfile	72dde16ba7401f6eea4d93ee71cf1845da8f811c	eb2c2ac7a3a653d08486f546d46a6afe7f04fe1478c4bc8f77da7883f19cd231
CombineCommunity/rxswift-to-combine-cheatsheet	gemfiles/2021/CombineCommunity/rxswift-to-combine-cheatsheet/Gemfile	edd5f0673f44b9a1981a250da0eca6d14e2c0af9	20d28646acd9e9467e07a8931d7fb11035921707698c14dfde840e1b297a56e9
Cookmasters/recipebuddy-app	gemfiles/2021/Cookmasters/recipebuddy-app/Gemfile	353769082e6d3313e5e8472d47dc0015b9fc1714	3903ec8d50be4af66d0f1842a7ff2b73f14e961f280cad4779b09dcbc8d9f626
DMPRoadmap/roadmap	gemfiles/2021/DMPRoadmap/roadmap/Gemfile	90069f56476c069b953e458122b14cea6e2e0fde	5c0bebaae03a41ccfced16eabf37515319d7045ec2845e0ed8b77ab0b5afb367
DMPRoadmap/roadmap	gemfiles/2022/DMPRoadmap/roadmap/Gemfile	331dd2e26796eba81e20cf73477467da25811fcd	b801467562baaa2786e9d02b79c572884689f43be507ad7cbab793ca6f24c918
DMPRoadmap/roadmap	gemfiles/2023/DMPRoadmap/roadmap/Gemfile	518b97a4c03f12a61854210b924748d384190c2f	f275bb391973c9e00a6f9fbb0d5b161fc26d3c11f06f51a1699219b1e3ad2344
DMPRoadmap/roadmap	gemfiles/2024/DMPRoadmap/roadmap/Gemfile	90a480991351d2401258f61404913ebddb52928f	4c4b01b4cbe2fd9a3ed24ad614d113dbeb6cf6daddaa986379880432e6d0f86a
DMPRoadmap/roadmap	gemfiles/2025/DMPRoadmap/roadmap/Gemfile	f7bcd33c295bde64e5c033ae91c534a40001dc06	f55a5b925122073fee7877f176ed3ab6f5f4ed6e1079367ced1f3a659cf290da
DanteAlonsoHT/group_our_transactions	gemfiles/2021/DanteAlonsoHT/group_our_transactions/Gemfile	347cc6bc05bc8a5bf46df117ff521222e0a8c1be	ca3599480acd8ada2c207e233e15d53c065f55d1d04b8ce538d4396bb09e85f5
Email-Dashboard/Email-Marketing	gemfiles/2021/Email-Dashboard/Email-Marketing/Gemfile	a7811868ff5e5c8f64c52ce9a0dadc4eea5dae18	2f5d7d06998f803c45a337624e2d64d197e0b80cab52641a33fe62b6420ad135
Epictetus/padrino-mongoid-delayed_job	gemfiles/2021/Epictetus/padrino-mongoid-delayed_job/Gemfile	ddb62f484857fe19fb779ebed549f3266cc6e008	087ae3e25f8d63044b19b4e7f58b880c1bcede222402cc307d4814ab2c063cf4
Eric-Guo/wechat-starter	gemfiles/2021/Eric-Guo/wechat-starter/Gemfile	10822556a2dc46f623a9959a051e75b2683f98fd	b2df603ce32679fec7c76b67bc1abb5b420a8da0dae2af2b363f21c457ae720e
Eric-Guo/wechat-starter	gemfiles/2023/Eric-Guo/wechat-starter/Gemfile	c3273b7e9153dac69b4d230c89ed517915cc88f8	3bc9109edb5b1f402599afeca4d0b3675628164f9da8d4a095596cfd65f099c4
Freika/dawarich	gemfiles/2022/Freika/dawarich/Gemfile	b648784e88ce3c73aaa6a0d4651598f6caf9c4b4	33821f47d46d42301820755d5f9b4ff37c9c83412653070d5aefd0dc08de5021
Freika/dawarich	gemfiles/2023/Freika/dawarich/Gemfile	8787a63ab5d773709fc75e739e0533a15d21100f	5f2c64cd57fe037131f71244fb3a126ad006ac494000028859fe7dbf8f27c8cb
Freika/dawarich	gemfiles/2024/Freika/dawarich/Gemfile	8ad5a4cd2d82a042bca1bce603c65a5efd57aef1	6e4671aab4033fa0e986fb537fb9fcd52625a00c6ccec0718a581be778851399
Freika/dawarich	gemfiles/2025/Freika/dawarich/Gemfile	6ed6a4fd89e07aee5ba671cbfb4d824f9aa899bf	d984df2cef1c7dd95068238cf3bb86bfc635ca752093acb5deb836ff710bdfb3
Freika/dawarich	gemfiles/2026/Freika/dawarich/Gemfile	e32b70701b2467b862d4b5bc27ac428999997c1b	edf03daa3e74bcfef40e43dd301ddc420be4d2e4c75f72c81306fa3a2ad84d0c
Fuzzapi/fuzzapi	gemfiles/2021/Fuzzapi/fuzzapi/Gemfile	eca31f76812d41792dbfcf0d8a84d4bf613e8356	93acf07e08bb4d8fea556641ccd43365ab34945023468002ecf20265141c227b
GabrielMalakias/malproksimo	gemfiles/2021/GabrielMalakias/malproksimo/Gemfile	50bf4f91759cdfe3af5bf67be6de68539f661c81	a5e24bde231b2ded1d47728157529b91ffef845933cd978c4f80c15b978abe23
GabrielMalakias/usgard	gemfiles/2021/GabrielMalakias/usgard/Gemfile	2058cb91aaefc6b4e554b5074c0e464b303be0e0	a353a5407707177983d269fd03ae9d9ddd67220351ab21cd704c89253bd94950
Gaeuly/shorty-api	gemfiles/2025/Gaeuly/shorty-api/Gemfile	74e223f52f00c826662900a63f7389abd30ace87	ddbafbf2aac9885da79b543a830d33cce001decd5c46a573566e83d09ca710a8
Gamocosm/Gamocosm	gemfiles/2021/Gamocosm/Gamocosm/Gemfile	a547172c307e3b762fbe25e8efd2fae2cec3eee9	02a5153f16c21c122128d5ed2e8534464d3420b461d2e5b26780a3a9bfae0e55
Gamocosm/Gamocosm	gemfiles/2022/Gamocosm/Gamocosm/Gemfile	020d32eaa441aa56f846207bd17a74bce09b60f6	f12733caf90d56721bc348f10af622d15bff6516d1ff953019801a4088f83f14
Gamocosm/Gamocosm	gemfiles/2023/Gamocosm/Gamocosm/Gemfile	e5a14e75fb30bebaab92ad1095a9ef9d2ce8f46e	abf8a2ed3d7a312558649a491c01661122c80d98df3095aed7e4b3ff8ae3c437
Gamocosm/Gamocosm	gemfiles/2025/Gamocosm/Gamocosm/Gemfile	4c32c1858b738aa963c27d3447aa6dc4ad5853ba	b0374aabe275dc248a33594bb40799ce530350699736b899308471add4404a50
Gamocosm/Gamocosm	gemfiles/2026/Gamocosm/Gamocosm/Gemfile	1b640daa483e8f527bb5f6af25067fdb335a730f	94e4d063e22b535a4791f55896257053aa285531814b012bda53fdbc47579f6a
Gargron/cobalt	gemfiles/2021/Gargron/cobalt/Gemfile	1bfe6fdbf5381d52fe903ecfc625503319c01dcb	2c11d7ca9b1332fda307ef2ada07e63e0fc372b7563f51d722b1592a4ef1472e
Georgy5/bookshelf	gemfiles/2023/Georgy5/bookshelf/Gemfile	fa82fc7f8f681789b4fc2b950613d631f3c0ea2b	8ace5bfc507c2f453b95a0259c59e52374387aecaa3f6d5965026b38ef085386
GustavoCaso/til_web	gemfiles/2021/GustavoCaso/til_web/Gemfile	ccc2ab34b1e0d455920275317e3152df40bb5587	5897e7ed51327530b773da700ccd7bcc29fe0decb84159cc26e708bb2df00d9e
HSEADC/inkz	gemfiles/2023/HSEADC/inkz/Gemfile	05ccd0ed97bc72c524e1f8ad591e97a65d88c0eb	400faf627804f193ea47c151299dbf17530edd2cd3db99e08b1a7ae29263d58f
HSEADC/inkz	gemfiles/2024/HSEADC/inkz/Gemfile	d5ab2eaf9b06bb8fb6d5de1a2b51e4801801da75	b6c2aecb2fd37541239876ff619a5d87a94f4fa4343c19a6cf4be4dabb075e6d
Hamzaoutdoors/E_Wallet_app	gemfiles/2022/Hamzaoutdoors/E_Wallet_app/Gemfile	4f5750715e0f0cd88c1e0b4d6b82a5c4c7b03c2c	50b0aff6e87484f6e7a6a053a2da6f67b5cf67f45e02a163eb669f4eee9d1151
Haroonabdulrazaq/blogger	gemfiles/2021/Haroonabdulrazaq/blogger/Gemfile	22fbe6c00231a4f2b6b2943020b22df0b5175988	b0ccda5e9a9251bfb11d4803eb27f3129c2aa7152984564182fa8776450ce252
HeroicEric/sample_blog	gemfiles/2021/HeroicEric/sample_blog/Gemfile	1eab43870047ff46288bd30f5c9bf778a3f46351	d4412a1f3c6c67d1b160b2e55efdc4dcbf9895237841bf36b471cc5f8135f6b2
ITurres/blog_app	gemfiles/2023/ITurres/blog_app/Gemfile	3bbc5864ccb593b15c9de707404fa3bf6faed56f	7019448d25f9480540404c4c1a95f9d3a3d3b7dd968846f5a5accf6a282d472e
IgorMarques/sickbay	gemfiles/2021/IgorMarques/sickbay/Gemfile	2f308ba7afff3dc02d4a5cc5ae92c508d0232cf0	f2be2c46f8b391869d0a0626d34afff062c9d069ed86c31dcb0ec2283444a205
J888/song_api	gemfiles/2021/J888/song_api/Gemfile	2a9981c875a9789ef78f21ad137d553b5bbf6f21	f3ef5dc1aa25e9d4daa4fd0aa9ad83d5c597cd8b75d77864ffb70d5300bcb3f2
JHeroGR/ruby-sinatra-starter-app	gemfiles/2021/JHeroGR/ruby-sinatra-starter-app/Gemfile	9a780b3cd90e6b2f42399775c84b46ffe976bdda	9263e6025a30d83eee9af67491a1411cdfe27a3f4bd7a3bfd93340bfe671a82f
Joe-Dickinson/Padrino-Address-Book	gemfiles/2021/Joe-Dickinson/Padrino-Address-Book/Gemfile	a725a54d8b5593bc9144d7bf765026a22bf88821	61da26f812dfeaf5cbc680b8e72ebc3a482eb74c3dcdd45af047ababbc5d7cdf
LamiaSristy/Transactions_app	gemfiles/2021/LamiaSristy/Transactions_app/Gemfile	2f9d884c6a422a03d259ed1c53873b90d16f5e0b	b20d1edbdfd79873c4a25aad0a2a5dd5e5aefb5700257d53a8d24478f3778739
LindseyB/tarot-api	gemfiles/2021/LindseyB/tarot-api/Gemfile	84fd3e27367fb9c60beba5cca210e2f686d63dca	e48c62c2ede706021eaf1111de08d31020afa6b2b9336a4d06d7d4375aeafeac
LindseyB/tarot-api	gemfiles/2024/LindseyB/tarot-api/Gemfile	b2793d7db8999689b49a6031666baa480f6700ae	e837159a60dc6dd1f8be6c620f0571c4c2133e0bafdfbd562d2432b3698c1b2c
MaMpf-HD/mampf	gemfiles/2021/MaMpf-HD/mampf/Gemfile	3382262aee569606717a5a17a6ad45e2446cea72	685f1021794984a5af88e2bb697455b8403c56fb8cdc4869540cc974a6c29ca7
MaMpf-HD/mampf	gemfiles/2022/MaMpf-HD/mampf/Gemfile	fe8155a655f3ee8569183b96e4b3fd94a1872e65	bca52d84061ebca0805ab4b3f77c31a253e75e583f5fd9db8b70654eb5f3fa89
MaMpf-HD/mampf	gemfiles/2023/MaMpf-HD/mampf/Gemfile	6f664058b52d70fdd8707cc16cb843ddae936440	7a4743f10365cc61a20b032577ce7854f885ebee680a028cbd8d6f608d1f2964
MaMpf-HD/mampf	gemfiles/2024/MaMpf-HD/mampf/Gemfile	412c981ed9058e82b7023c0552674c00acbe71bd	4cd9b74a073d30c505daf799f5aac5a9963942dcd123f163cb0bd5d129ca5daa
MaMpf-HD/mampf	gemfiles/2025/MaMpf-HD/mampf/Gemfile	8896628c7d550fa809ecab4b1568df691bc52d10	126a1954cf6713a70eed02882edee517190fe4fa5ec374d6c85c3892fd182711
MaMpf-HD/mampf	gemfiles/2026/MaMpf-HD/mampf/Gemfile	45be2038cc6929b90f8342d3e64e2be7122d4701	3cc581bf30372c385fbe7f0e4f55cf618e0366bb8cd1f0450414a2dd04f6912e
ManageIQ/manageiq	gemfiles/2021/ManageIQ/manageiq/Gemfile	e93250c6a47f33ba5c01d7761225befa4ecf79cf	27d57330c48d3609a09c9519cd1045f3b7727dc958f157ea4527d31dbf1d3eb7
ManageIQ/manageiq	gemfiles/2022/ManageIQ/manageiq/Gemfile	fff0da81d82947b1669d970a91f31ec56d1557e1	38064f38d3e6c982984e4a28d5bf4aaa88a3891ed0c31ff0f2e565459ec49be5
ManageIQ/manageiq	gemfiles/2023/ManageIQ/manageiq/Gemfile	2adb6c33953c85c754b20473e320c799dc3ba3c1	ccc98cd203023afd77ac5c454591d9ffd584967b6bd6f96c252e38b46676ccf0
ManageIQ/manageiq	gemfiles/2024/ManageIQ/manageiq/Gemfile	d4f76b20d9443d583f1178882901c7c9d73190e5	f5a0582834089746f1bd853e2e2a83cb19596b2dfa08fc56d9ef8486de02c1ff
ManageIQ/manageiq	gemfiles/2025/ManageIQ/manageiq/Gemfile	ea919b70d615f80ab9326424b4ad3750b7855121	91d9b41b1b2173919aed862efe7dc8ecb166a8c5ce8c0e4a89a6e95103a20699
ManageIQ/manageiq	gemfiles/2026/ManageIQ/manageiq/Gemfile	27efeccb539d22e625455f4bd7df4853a153cc7b	eaad776f15dc7d21fc44d78fce1ded9957b3fdc0df16a1cc37ebdff531e59953
MatUrbanski/todo_api	gemfiles/2021/MatUrbanski/todo_api/Gemfile	ea437356a055ec3be1be8199a4687f871442d5fe	16d714e3bbcceb2434854bd785a0de238e4a30423713c91501b8f33446613b6a
MatUrbanski/todo_api	gemfiles/2022/MatUrbanski/todo_api/Gemfile	01a88c306de7bfa80f8ec193781a3d16e8e10bad	f254fb9bbea3fd81964ddd25e1a04c7e188fda5a5c3def6c01481cb4e98de97d
MichaelXavier/hollaback_admin	gemfiles/2021/MichaelXavier/hollaback_admin/Gemfile	2252d5c20ff0b1e915ff22304fa412006f5a8327	9ee49f8e768c91d812b840dd90ec3d08ec50c2485ac365e0cf5ba25945aa2bb8
Moutix/gign	gemfiles/2021/Moutix/gign/Gemfile	62ade09cb054d13e8a474314b031d81336b4319f	8b5c7ac5974d7da16347659ede1d556811612e4a6c3cf3cb05922ff2186bc62a
Moya/Aeryn	gemfiles/2021/Moya/Aeryn/Gemfile	07d236b028575ab33784d88b7cce518c7639c93c	4a17f01f345296a1dcc3fc94dac7900ad6769ea5ae2f9222dd8cce49b4a9bfc1
NCSU-Libraries/ocracoke	gemfiles/2021/NCSU-Libraries/ocracoke/Gemfile	9e0a28100f650d22f98954021231a3f58551a47e	22422013435d5d4030ebe2c00dfeae90eb76fda0d08a6b057fe19a8bbe298b33
NatLabRockies/api-umbrella	gemfiles/2021/NatLabRockies/api-umbrella/Gemfile	5a7ad0b8d1625069e6b37fd4a6b44f8f06c79ffc	fb750ad42dec10b25f6f06a97df58c85376d251b1707d4d0bd0765c0fe770b93
NatLabRockies/api-umbrella	gemfiles/2022/NatLabRockies/api-umbrella/Gemfile	9848835644764d82a351721866f58226d5a0a37d	44b32978bdbde672ed0d3456e081b2c982abd0f9ca04af33aee997b17d9e17c1
NatLabRockies/api-umbrella	gemfiles/2023/NatLabRockies/api-umbrella/Gemfile	84acff6d6d326207db94ec276c78400b9f4e99a7	503b0371d55fd5846d87489b837862e0be755d9d43c53f1f1d2c43cfba79a011
NatLabRockies/api-umbrella	gemfiles/2024/NatLabRockies/api-umbrella/Gemfile	ddaf7caa2f373adaf328e9f371c6930de6d6f21a	43360c424562119a1272db05121658246a84cb16ae78129444228a8f3d002578
NatLabRockies/api-umbrella	gemfiles/2025/NatLabRockies/api-umbrella/Gemfile	eac5a7c32d971c7f193179da3469d3cbd561d590	44d0e04834d0c2611a49cbe307e4fad3933d859b10bf3b8a707369c46d18c9bf
NatLabRockies/api-umbrella	gemfiles/2026/NatLabRockies/api-umbrella/Gemfile	b3fbd68d6fa2bf5d811fde9b2c369b3558a77069	8a46ae48f526364a74c9e197dbe12151691c91b6e3fa26819d9ee3afee23715f
Netflix-Skunkworks/Scumblr	gemfiles/2021/Netflix-Skunkworks/Scumblr/Gemfile	66ed69a91c65527010f970a746a87557bf9b0856	83f9bf822cc9b22621f190b4d8580704204a75dacab9e14f88e565b70cab27d2
NouranMahmoud/GoogleMapTut	gemfiles/2021/NouranMahmoud/GoogleMapTut/Gemfile	ff17be7e23c5b655dfc81edd70f1215551b43f0c	8613cf27590b7134a2ebaf6dadd31e68171141f586d87f9063c7c3ab40168c06
OregonDigital/ControlledVocabularyManager	gemfiles/2021/OregonDigital/ControlledVocabularyManager/Gemfile	70c2bdf5d16a04af6c197460872825cc0b60d6c2	f268e98425bb0342fad59f3d63447b30b5068c7601974e7aab4b1bf55a8b937f
PENGZhaoqing/RailsChat	gemfiles/2021/PENGZhaoqing/RailsChat/Gemfile	d691482bb134308e81251dfdfa423292eda65bb3	0fc602fb18b6a5ddbd747abe4d79eb08dfd28d2f6269ea138f8260533383d964
Pedro-Revez-Silva/shelfarr	gemfiles/2025/Pedro-Revez-Silva/shelfarr/Gemfile	4869f8a70ba3d1114177cd364ff0073789117341	42f8bd53a350804d4dd9536847170787846c67bd3c0b8f1321406d274bd69016
Pedro-Revez-Silva/shelfarr	gemfiles/2026/Pedro-Revez-Silva/shelfarr/Gemfile	bdbb72bebbee0bb9a788a2f9283699fe60425d8d	8d08c8384a8a440cb349295ce4fb9cded35492c9ce42fe2eb98ade70f6919499
ProctorU/storm	gemfiles/2021/ProctorU/storm/Gemfile	25057fd5782e5f13112242d9e06befe62a835cf1	51ce91cd72b3e85e03b080ed11075873f4f6d1bb63cbcb966e9f08557fe8452d
RailsApps/learn-rails	gemfiles/2021/RailsApps/learn-rails/Gemfile	8e6eb5f6e030d2bf43cdc66df1ba9b40b11efe19	f492276a5e0b408f95a362ae9fe358dd5f14d8aedda1d3b24906b4aac4898c8f
SUSE/Portus	gemfiles/2021/SUSE/Portus/Gemfile	2843437742515c1f0896fafaee166cde336f5b18	37908964c415f0dd23f44ecd82c03b7a75add395d539cbcee438a4ccd8471489
SergUdo/strum_roadmap	gemfiles/2021/SergUdo/strum_roadmap/Gemfile	4bbe352e4a4d636d445c8713ac95a2e0ba1013be	ba56f30e8e3ca27190f3b557896bcd320bc59370b30091bc6dd996f47c029926
Sjors/matreon	gemfiles/2021/Sjors/matreon/Gemfile	63bca24222dca68d3e08feb3418e87f4f45d4f3f	ac0d33ae785321e8ec775a55425967f4da8fc3e14a9bdff6a9d43905a505984b
SteveLTN/https-portal	gemfiles/2021/SteveLTN/https-portal/Gemfile	53920c8150433f8b05ef33515dbbf3a3fb0f9513	52fcbc279cdf6ebb3ff58aac32d68b6e14e377d99ea62a49a34eb25fcff4c816
TarteelAI/quranic-universal-library	gemfiles/2024/TarteelAI/quranic-universal-library/Gemfile	e33c187b050b6135f8e5032a812ff468cfa1ca3f	7bdf2ccb0ecd6875c3d66c6534478823bc2cf489968225c4fdb854d13bafd8d6
TarteelAI/quranic-universal-library	gemfiles/2025/TarteelAI/quranic-universal-library/Gemfile	aafb87c48cb83a35d05cc4df7727ca46e24d4648	1e1b465160ca22a7e19ef47f9366381443a6d01bda3fa2d170e03061dce2ff4a
TarteelAI/quranic-universal-library	gemfiles/2026/TarteelAI/quranic-universal-library/Gemfile	eafe0b77a2a134304747372914b6f05cde64a191	461733d28ed6f625aebf015734e9e9c007db3bea045b081d5435c3d7afac443a
Tendrl/api	gemfiles/2021/Tendrl/api/Gemfile	b7ce23e515e5359fc5198ad303b677cd1b6dad69	e69c32e68be8fbf3e67172b573614475404cbef0f0c7bb7e42a3ca67c6684934
TheNicholasNick/SendGridTest	gemfiles/2021/TheNicholasNick/SendGridTest/Gemfile	e59b6ebb9ef387c4d8ff86210902abedfb445479	ea641cbcfe0b7b54c5372aa7a4859fe46472bf08d3e85fac508f26d92ab7aceb
TheOdinProject/theodinproject	gemfiles/2021/TheOdinProject/theodinproject/Gemfile	22e00a348be0e666ce88346373c1117cd8e4cebf	37d39bc2b2b7276ebd98e37a6bb147fcced54c0080b09b71044f7d506d0f8f18
TheOdinProject/theodinproject	gemfiles/2022/TheOdinProject/theodinproject/Gemfile	3653258f6867fe64c825188d3ce3b46fca3ebe17	0ea29776f68c40fa5662f359e017a1e8723f22ff20c66aabc7ce46c2316958b6
TheOdinProject/theodinproject	gemfiles/2023/TheOdinProject/theodinproject/Gemfile	20cf49422d7c4c7cafe9c8bba614e753f693d090	a5a499e8c76ae76b1d390d600fb822cec2095e4c3206a49a2b3c8da2b914acd8
TheOdinProject/theodinproject	gemfiles/2024/TheOdinProject/theodinproject/Gemfile	ae8aed0c9579dcb9d3c35cec18c441106a2e243d	364908eb334676dc38fddd640488c353b8386d3aecc8ddc9fd9c2f14dfd0c87b
TheOdinProject/theodinproject	gemfiles/2025/TheOdinProject/theodinproject/Gemfile	bc97027b6e48d5197a4e88f4b05b9c4341c19b3a	22777d797418ba7e788dd5bfa1dfcf52cb26c4d5eaf494a3ffd45cb6e746bceb
TheOdinProject/theodinproject	gemfiles/2026/TheOdinProject/theodinproject/Gemfile	428afce6519996d4913cf1245b995735d07daee3	9fa642618b2cf80ea32fa8fc5604dc2bbe6a229737b28d5a845cc5be460255dc
ThrowTheSwitch/Ceedling	gemfiles/2021/ThrowTheSwitch/Ceedling/Gemfile	0130160fead38abdcef141bf72321df1eb172638	6c8e4c3594f5720a369d2517efe6f2d8b1d383947e01535107f96aa0ad9c698d
ThrowTheSwitch/Ceedling	gemfiles/2024/ThrowTheSwitch/Ceedling/Gemfile	b6e39dc2e353d0ebc87de1ed9de54e2b2cb4c365	909ac2cea260d1f51a79fc227c0f392f1092e9738b0db433802b450730764182
ThrowTheSwitch/Ceedling	gemfiles/2025/ThrowTheSwitch/Ceedling/Gemfile	8464143fc2107ec454d0c75a829babfdd72fbff6	42607c9974438de76da45746eb4d9c1774a58e5d771b630e251e863b6b0fee3d
ThrowTheSwitch/Ceedling	gemfiles/2026/ThrowTheSwitch/Ceedling/Gemfile	bdc011ffd601d042c2d0ba16644eb0fef2e648d9	3956bf72e17d2a7c1d1ec5c1e9f0ad21ebcc11e146ed3a483a9998ff98297818
TracksApp/tracks	gemfiles/2021/TracksApp/tracks/Gemfile	17e0bae77d26b71ac64eb1dfd67030cf769d3e4f	3e1c736626c272f46443166c8d410543ebf0ead09e4a29c433e3e8b0e2f9ca8b
TracksApp/tracks	gemfiles/2022/TracksApp/tracks/Gemfile	d90782ee25f78370e6979d1f7bffd7fa6133bcf8	9e51f1395a1ec833718cc75c4ddb39dab627eff6f429ad2ba7e05c1771e908b8
TracksApp/tracks	gemfiles/2023/TracksApp/tracks/Gemfile	010eb00f8ec6e26decda7730fd1b1583ce385a6d	55daba74fe109854b33c864868a495ee6c1c3b13e505ebdb6827400b348b2263
TracksApp/tracks	gemfiles/2024/TracksApp/tracks/Gemfile	10bb9e86aca68381cd0976a828aa1c516180738a	3a99082521eb46767bb75a5b907881f2c5424140e3c0b52211214624731fa815
TracksApp/tracks	gemfiles/2025/TracksApp/tracks/Gemfile	f807e417ae41579198789a8bb30d28d5ea88a646	23deab1987e1062192a770dae34245add47ce0672b5b80dbd0d52c252c806637
TracksApp/tracks	gemfiles/2026/TracksApp/tracks/Gemfile	8dcca98c6c48404d8328bbee220a8b19d48799ce	3ad26269aa65b2e050cbb299e9d164862bbca4c1ee68f5753738c1c7b833842e
TristanToye/rails-template	gemfiles/2021/TristanToye/rails-template/Gemfile	b56c4b67cf81b2f42eebfbeb11e0ce61f152fda2	d7dcc4799b4c860409afc5823c7a6ce3f9638aa7609d60fc3e047fc7e9fa1c05
ViewComponent/demo	gemfiles/2021/ViewComponent/demo/Gemfile	56e78eceb0c67f739ed25d6983cec54fae018046	0d51d6601bb1e566668544262c29682f3bf9caeead289a1a47985d21b25cac79
ViewComponent/demo	gemfiles/2022/ViewComponent/demo/Gemfile	dbc08c8f763448563dc1da28c6647cf4703d1948	1b58b3632f3f173e346f0b717fe1de37e7d90b5144a43d613b5ed0adcd3ffdbb
ViewComponent/demo	gemfiles/2025/ViewComponent/demo/Gemfile	b9cfbda7022d51b3de56a88f235f093dbf5b914e	3c88d0e4aa685379ac1c14c18f9b7ee666e037d495c3e8d94779badfbbf1ea17
ViewComponent/demo	gemfiles/2026/ViewComponent/demo/Gemfile	5797e3086a5226b8be72e0c90bfeff980cb6802d	94a4cb36f611fe53b89dbde7c60c927fef267680824ae02280bac446d352dd29
Widgetry/rails-api-template	gemfiles/2021/Widgetry/rails-api-template/Gemfile	759b4d5c73391fdbc2b7a1ce2ad3bf49d4482e81	43e40aef2d05b20b1ea8736ac5fce876f8feca272158d8ad9c994faca22a0adf
WillianDDaniel/take-away	gemfiles/2024/WillianDDaniel/take-away/Gemfile	3141b6b85e82fe901ba27757fc4b4e98be7dcc32	eebc12b6afd736bc908b4291d1e93a77e4e9a6685795ad0a9e2d6483f6fd74f3
Yothu/recipe-app-capstone	gemfiles/2022/Yothu/recipe-app-capstone/Gemfile	7cec8113b9b079798425ba0689d66c02c15c190b	4b541c90811c34f2b651d1d7b0de379f9aff5bc565a2aee2d596ba175275bd1c
YuKitAs/rails-rest-api	gemfiles/2021/YuKitAs/rails-rest-api/Gemfile	774c09a3a6c545b38adae705ec02fe9ee6b1cee8	28bb3b4ce882a01c2326b72a7b292c0849e5219377b2f19228ffc1db4524829f
YuKitAs/rails-rest-api	gemfiles/2022/YuKitAs/rails-rest-api/Gemfile	40bd4aa0c1ee278f0f018b6c0f72c496146c454d	009e92906b97d5e33ae1818d0451d8c7d81c07bacf8b53fc3b95d4615c1b0dd5
YuKitAs/rails-rest-api	gemfiles/2023/YuKitAs/rails-rest-api/Gemfile	7664816e2634435e5f6c15eb422d4a4cf2eb5f1b	cb87b2a8d076ba897085dc1e01272a22399bdcf6eb389797c165e44791c956aa
YuKitAs/rails-rest-api	gemfiles/2024/YuKitAs/rails-rest-api/Gemfile	a5bc4b5ade893071403052b24ffb0e2054087769	5bdc98714099702efd5fa88bf9058dcc1e7c9c2a73e2b8f4629ef102e07162f1
a-chernykh/railsbox	gemfiles/2021/a-chernykh/railsbox/Gemfile	0405ac0666927f21dbafe714bd2291e3b4f5fa09	4dea7ecf8a680fae32dd3a0026713c62cf38b36a340540f3f31ffe48da9a9136
acmeyer/travel-canny	gemfiles/2021/acmeyer/travel-canny/Gemfile	17300893f42c126ac889463674d796eef3e791bb	d909083ae384a9cf5e0f012e0ff027cc5b2749f2ffdd1e9e83831a7f18e2c876
activestylus/padrino-fields-example	gemfiles/2021/activestylus/padrino-fields-example/Gemfile	62c50178e8746ea4e22d307944791723a54ea3a4	7faf589f51447358ddcbb1a038994067219a3aca4b6be1fdd418054f0e3e27cc
adam-stripe/stripe-connect-managed-rails	gemfiles/2021/adam-stripe/stripe-connect-managed-rails/Gemfile	da793f778a318633d33aea846bcd36fd3b0b20f2	8adcd91a3426362cb896f6d35b33326abd061f0cfc8dae1d7719214ad61ce181
adam12/roda-sequel-web	gemfiles/2021/adam12/roda-sequel-web/Gemfile	aa46b690c80558a2a99770288132c1d63e769b3e	3c1ba03032e6bd284eac83c7ad585314c0cc1e9c1cfa4184772f396291e18268
adamcooke/staytus	gemfiles/2021/adamcooke/staytus/Gemfile	3e204359b91109a6dbddf5e6ea22c34051d8db48	20182b00d4a49adc4f6c84234ef3b208eb80b3061cc3a561177c42b414dcef7a
adamloving/rails-bootstrap	gemfiles/2021/adamloving/rails-bootstrap/Gemfile	bb958344b91a501ed05a96c69cc05a0e4d074bd1	0de6ff702de8a60a8aaa8ad8a44e95abe76e21cbeeaa77a1ce1cc9a38e38aa5c
adrianpatania/grape_api_example	gemfiles/2021/adrianpatania/grape_api_example/Gemfile	b17ec847a4830ee9027feac582672dd7a381bffa	ca22348aecb9e5b08c1d5a75297efdafc820c24be12b58511b734564b16402c9
adrienpoly/daisy-on-rails	gemfiles/2023/adrienpoly/daisy-on-rails/Gemfile	6ea1f5a0beb986e1ee23db51e4b64be61d7d68ac	89e3790e46f5cafad8fcd0760675032ae3b99d26078f8ab2f1d886a049931740
adrienpoly/daisy-on-rails	gemfiles/2024/adrienpoly/daisy-on-rails/Gemfile	85ad114a94047ca75634a0f603eb66c9d67f4ff6	ca5acd607cdb60888f5ecc5a1c6b89d33795be42450211e93c3739bf00b741a7
aganov/hanami-webpacker-example	gemfiles/2021/aganov/hanami-webpacker-example/Gemfile	7686f412c7b8972e9f2104802b081e7a6887f395	d360525b91eba813a2ab8c6c91f264dafad1259516553cd1499fec712f703c82
airbnb/optica	gemfiles/2021/airbnb/optica/Gemfile	05696d47b0898eeefa4e2295b041efd4ead6eff5	d84e92f7694c89274817b372bd779ddf446fa0f069d54c3d22716ea44ecf0446
airbnb/optica	gemfiles/2022/airbnb/optica/Gemfile	3af123cfa896838cde60a6e9a88384f9ffcee06d	a40d7558e5282ad7c92f3cd2a9b95cc60e52988419acec0db500afb51b2c3e0b
akhiltak/inspirational-quotes	gemfiles/2021/akhiltak/inspirational-quotes/Gemfile	b2f60eca85bd6c2fe77a28f380d8a6c148e43ac2	ceb271fb564bfc697d4b5bbe423b79d31c5b123e2ca8cfcc942e4a34190c5d5d
alan-ai/alan-sdk-flutter	gemfiles/2021/alan-ai/alan-sdk-flutter/Gemfile	2f05ec33c85812a8bf5627420ab8cc14f86062c1	b46373fd38343881c14fd49118ee91f5cd6e51c701a4aaca7ea48a8362439f8a
alebian/sinatra-bootstrap	gemfiles/2021/alebian/sinatra-bootstrap/Gemfile	1e78e659b371d764204b13960aef4bd65a9e353f	693eac89fbbf7101f333ee35eb1d2ce9f22885344d8dabdb4d701aae8570c545
alebian/sinatra-bootstrap	gemfiles/2022/alebian/sinatra-bootstrap/Gemfile	430f2b83b963ec6dd27c82ca3f99d1f16fc79037	c9d8ec1f2efb757c4acb60e8bda748c7131765c58df61e76529432f3d4bbc7be
alebian/sinatra-bootstrap	gemfiles/2023/alebian/sinatra-bootstrap/Gemfile	6fe37f9039daa6736109beaeb37cb5eba8cba870	c1874c6cb4bccdca9a28371ccc55c20850cf9956272eb5e94af897ff446bfa5b
alejandrobabio/dwr-todo-example	gemfiles/2021/alejandrobabio/dwr-todo-example/Gemfile	84667962f34c27deb3380c048aeb41a83c974006	c058597cb6fc39386c012e99883abce154f46222190ecb5c21333a442897d865
alex-damian-negru/hanami-2-quickstart	gemfiles/2022/alex-damian-negru/hanami-2-quickstart/Gemfile	fae7f51abcf6d135b9e790e8ee9a44a293e3797b	e671e328b5b9308a180eee89958be4718a574685ffa4d50549d409d7cc87514c
aliceandbob-io/aliceandbob	gemfiles/2021/aliceandbob-io/aliceandbob/Gemfile	6d6d7c8b522e0c289481253508d12b2cb2eb396a	a7a6b7bbf91a93a598abb22e266dce7b2f4f0a2debd506d88025ef93ff39800f
alxcooper/roda-api-boilerplate	gemfiles/2021/alxcooper/roda-api-boilerplate/Gemfile	0b7e35e65dc3f32e08e18c7480d03bf3e5453f71	c9122a3b9f6eeb93a8017c2f9d072dc7738fc474c52fa12f3c89f0554be6a294
ameuret/2018	gemfiles/2021/ameuret/2018/Gemfile	e826d4a17abd79d6bae59bb243fca68baa800d74	9e0db86a898a06ab107a534b9d564ad0a838609eb9744d44fb122dfa57782eb3
ameuret/2018	gemfiles/2023/ameuret/2018/Gemfile	7fa0e54221364676d09a5ab14b1f5b65aca018e9	062d80a50c1fc5fd9a58b55716b27096bd21b91e3d87baf146ac419f16a9eae2
amoeba/treestats.net	gemfiles/2021/amoeba/treestats.net/Gemfile	04724870c82c1d20668b48db427fb5802f720235	8d557d972a51c5e8ecb128eafc1b50f9b16314d41ed508874b0f4bd117da4dfc
amoeba/treestats.net	gemfiles/2022/amoeba/treestats.net/Gemfile	edb057c6b91a4beb005876d5d65b00d2b5874515	acbb259597d9dfa7982f6412ac5dd17b6c850f418cb93f4a62f4974215294c67
amoeba/treestats.net	gemfiles/2023/amoeba/treestats.net/Gemfile	5ef77b847f6970772d5468bcba650d009da90464	0d223230d3e1eb9ec594847028b6878bf226c3e9ae1cdc70992f348790971c5b
amoeba/treestats.net	gemfiles/2024/amoeba/treestats.net/Gemfile	b358688c7acd0fcdd79545608255c87ce198594d	b617b2407549b846542d92989dbfbf6282c3dfbfbf32306f4637966c24753c4d
amoeba/treestats.net	gemfiles/2025/amoeba/treestats.net/Gemfile	b1c1ff956b6b2d6922e4d9739f7519430c4152fe	78d5f7eba7f93d695dd4d786279aa23191d59d9e1e468cb77f1aed7ecf291e17
amoeba/treestats.net	gemfiles/2026/amoeba/treestats.net/Gemfile	14976797be0a3167c94b9ea0755fa8fc798ca2e4	942a50e213145f23f53453255a714969807ffcbd0b8a43aa95c9717be07fd2ab
andru1989/bookshelf	gemfiles/2021/andru1989/bookshelf/Gemfile	d9ed70ddbbc3aef88c2f85196265029bea5fc2f5	41dfcbcde9383a7bb620a9058eaa8eddc012447bde697a89f9ffaafb9291c783
andyatkinson/rideshare	gemfiles/2021/andyatkinson/rideshare/Gemfile	4f8d5758845f271b980c0ce25f15b3e2826aa12d	036556f6bff7d2d703c56d2c777cf2d950d4a709b957e996953de411444f7e59
andyatkinson/rideshare	gemfiles/2022/andyatkinson/rideshare/Gemfile	d739f81ea5f534a236f4e67b45028d9e82e0b4d2	19ea9be68d13bc373d004d568c5c400164cfe287519a0c84915802ed7d3b561c
andyatkinson/rideshare	gemfiles/2023/andyatkinson/rideshare/Gemfile	6a783e65f440c1cdfdef23e2746ab3043a6572b7	55f65233629942809ac7949bcc1e4a0251823be9940f68650fb57280ed7f621f
andyatkinson/rideshare	gemfiles/2024/andyatkinson/rideshare/Gemfile	5841208cffd50bef90a4a5b86930c5cbaaa04b6a	ec6896d651c16f3c549418c4a42786d162f82b32ee56600cda5e5b55fcbaf338
andyatkinson/rideshare	gemfiles/2025/andyatkinson/rideshare/Gemfile	0f92c342becd2030486f59f2af5e672c7d9b119e	486158340d4fb9eba9f08e4ee03f1c227ee088df4b4da22a62ab1620630709e4
andyatkinson/rideshare	gemfiles/2026/andyatkinson/rideshare/Gemfile	825663ab3e3c4270319493dad938f8a418ff3172	4ace4a09a4b05aafe9b3a6ec0fa6b4e4512672e62068f90ca3b27a82cfbdb910
ankane/the-ultimate-guide-to-ruby-timeouts	gemfiles/2021/ankane/the-ultimate-guide-to-ruby-timeouts/Gemfile	1ba6eed63c36d41efee71c3cad5d7a29d3b54b3e	2c32d3a7963a587663fbb8b2c1159e3f10f179873be8d146442e952f829e883b
anuket-project/anuket-specifications	gemfiles/2021/anuket-project/anuket-specifications/Gemfile	b29c89029c2e0b7eac8e995694d9e01ea31dddf4	be9eb1ba3c28d1a673054186b523cc58bf65f90d3343b08ca35c3d7b6f18eda6
aokpower/id_lookup	gemfiles/2021/aokpower/id_lookup/Gemfile	7b563028ed92ff806594b2ea72cfbe5a7a63fc16	fa5babe40cece0599fe4275b81584da3b7a4585e20ea50841670358bc8d85ea5
aokpower/id_lookup	gemfiles/2022/aokpower/id_lookup/Gemfile	2deb2e9b5195eadf6291a1535b83eb2b3478d48e	a18f7672535f91f95d44abe79415b329d475d408799846581c391f1136dad1f1
apaciuk/rails-rello	gemfiles/2022/apaciuk/rails-rello/Gemfile	8d4f143f2b2a5344469f5322b5df59deaec16e49	6b2a7408306a0fc7405ca395b84eb52bc050de118047ef2d7859643ca144bf70
apotonick/gemgem-hanami	gemfiles/2021/apotonick/gemgem-hanami/Gemfile	d02519a91406158d82361d8e028219df7c500cd2	3c1b40fd1b2ee2c31ffb2b7fa2bf0cce1170e2c303e67ca02b4a767304ea76e6
arbox/machine-learning-with-ruby	gemfiles/2021/arbox/machine-learning-with-ruby/Gemfile	3429577cc2c47e12e814ae255fcb10d81c85e3f4	fd1cc2ad99e75d5bc5dc511095f50460ce2b06026bd250898a503d483abc61b5
archonic/limestone	gemfiles/2021/archonic/limestone/Gemfile	26bf8bee26dcc3fe2fc84a9dee93b11f3277f9d5	6553ae92c609fe95cb71df5ca3df40f9644bf0433182d00161b1ccb2e8f16613
aridclown/haml-slim-erb	gemfiles/2021/aridclown/haml-slim-erb/Gemfile	84c04d3331e98a66184b69dce00d95f699731b92	9b9d97a6ba76c7cd34342dc3e748b205512e77a6234d30e830afd9e9cc374063
arirusso/unimidi	gemfiles/2021/arirusso/unimidi/Gemfile	8bc9d21b37f86509ea69bbae788ad58b16dda1af	2ad912ad03d0dc37c98149bc624ccfe00136d7ee5cfc6715bff43a2ab92cbf24
arirusso/unimidi	gemfiles/2022/arirusso/unimidi/Gemfile	9afb7ff7bb0b83de115f8c32c62206faf1efa4a9	e4db35dbe7210ed981900c0017a1ba58572b7c5f13878e570b2c994179819d2a
artemave/thesmallestrailsapp.dev	gemfiles/2021/artemave/thesmallestrailsapp.dev/Gemfile	280f5131a096b2623b2c0c2211f999e2b7222dca	805b2add212f4d8d821b3534a1b1d3cc9c36671dfdbab415d248c1e23d918c4c
artemave/thesmallestrailsapp.dev	gemfiles/2022/artemave/thesmallestrailsapp.dev/Gemfile	dc2c6ffc139c6f33f4e7eea23d1d912a676c4b11	5a753da5c69a01d43dfb5637b5549ecc359678221df40c7de2271ecc2e9436a4
artemave/thesmallestrailsapp.dev	gemfiles/2026/artemave/thesmallestrailsapp.dev/Gemfile	5aad82c5c683ecb2888545151548ea66f5310559	43e49b714e0be19441837d7bd7fd457447de0c806274350496963e6253209106
ashleymiller/mystery_machine_blog	gemfiles/2021/ashleymiller/mystery_machine_blog/Gemfile	d22c549184321fdb28e8123d64c89a6f4f601471	f73322e31ad6a2c423380f2678cafe89896a58c14a21b49e0e807da4e95e59b2
asmuth-archive/sinatra-static	gemfiles/2021/asmuth-archive/sinatra-static/Gemfile	1169ce9037b0b87ad4373de934c65e8f1fc9dcd7	b4f260ac4cbda96d3c75dd6b1144983a6663c972bfb4c915bb85447b4d94528e
atheiman/better-chef-rundeck	gemfiles/2021/atheiman/better-chef-rundeck/Gemfile	ef78b8a1c2d81c1a1b0d54aa71dcf0a30b2bdcea	dbee374ca44f977670d7f2eb03e790673e08052df41a3cb080c8b70577dadbe2
audy/genome-explorer	gemfiles/2021/audy/genome-explorer/Gemfile	212aefd5a0b89a326f4edaded3c8e221982cec6e	9a4afdfd988ad786d0433f9a42983221cc29b91191913311030a4bfcf7ad4761
autolab/Autolab	gemfiles/2021/autolab/Autolab/Gemfile	f9f12d4e3a3967b61edcfa795d6138a64f60b97d	1ab0adc9cbf4698d3c8b45869f563effb3199aec83f04d6ed6fe6a2543e947ef
autolab/Autolab	gemfiles/2022/autolab/Autolab/Gemfile	9cbc0997e01178f4818ff0085054a1e9007e3b90	ddbaac5f11639bb3265975f7e0e080ea49044371a2693f42ad2850448f935751
autolab/Autolab	gemfiles/2023/autolab/Autolab/Gemfile	dd0fca7b5ec18c9f23ed6be67352dfa7ae507fe4	d5c15167f1c4ace8738c6d89c64fd91ed82850974c1c70e9f536ea440d18f38d
autolab/Autolab	gemfiles/2024/autolab/Autolab/Gemfile	8c81601f43830d92210174c7e597123ed9b6d693	55809bff5b195a84dd1298f33024a2f7f7461eed47540188d1f99449c989deab
avdi/greenletters	gemfiles/2021/avdi/greenletters/Gemfile	08a29efd08bb410e7162f7659c8fd49234dc3826	e15f34accf7e6b677774246f8c635de2ad2fdecd0102858a869c1a47cc25bd22
awinabi/sinatra-graphql	gemfiles/2021/awinabi/sinatra-graphql/Gemfile	39b44e878df26c204170f40189e52a9e486333d1	3b9c39beca509d99a98f9939e54802177cdbcce3130fc5b4ced75e89c3e6c881
b0c1/padrino-sessionpool	gemfiles/2021/b0c1/padrino-sessionpool/Gemfile	72f1a3242dc86ba6ce3f3ad2f1856a102b1ff2bd	1969c828dbd8da943daf82fac5573a00dfc640200d665f42ea63dce9434c7bd5
basecamp/fizzy	gemfiles/2024/basecamp/fizzy/Gemfile	7b2bf7b99cf51e5d67ded2fc97be602af8217ee7	745dc1a18c091194bd60674158c92881132f55d5a5ca5c83ed55dbdac878eda0
basecamp/fizzy	gemfiles/2025/basecamp/fizzy/Gemfile	0634ddaebd2441f727dae755803dee6ebbccf1c8	8ecef532536db009e8f0c9f6f08fe8eed0afd64c6c315c6b4ade34115cd432d0
basecamp/fizzy	gemfiles/2026/basecamp/fizzy/Gemfile	abadf36261f5f7739540271a31de39140852f3fe	2eaa5d00e1e861586295a2989d37b949f4dce046351e52390b9ff5ee3e65dbb8
bear-in-mind/sentry_notion	gemfiles/2021/bear-in-mind/sentry_notion/Gemfile	9f24d3d28eb90c87599f55fb4a2c1c169cb9b04b	071e4aee26328cb3bc8a97c5a5f863c1d6176e01ae5e5cd3da6fe3abbb09749d
beezee/Bumper	gemfiles/2021/beezee/Bumper/Gemfile	74d54b39935f85d13f061bae4836c366675c13c2	c8a94054d37903f80d0ec88fd7d0486626f1f7419b83d1b1ff3965f28ad8c704
belmeetmule/Blog-App	gemfiles/2023/belmeetmule/Blog-App/Gemfile	88bdb91c89bd144ce94b4aa26b84350b0cd227dd	f1fa284b52aba2032a608052bcd324dbd9d3d62c16d7f1adb0aafb1b48cdad08
benhoskings/babushka	gemfiles/2021/benhoskings/babushka/gems.rb	3f94887b8cda37a5f0c59a2b64292c75ab41e925	4330e72fb2efcd30e4fc20ad657b8e3f97ad782a6c84f3289d75ca88f274afd7
bibendi/dip-example-rails	gemfiles/2021/bibendi/dip-example-rails/Gemfile	d3651c90c3a97be5d5029d59421976c5e9d083e7	2e5b86f7498a82dd356ade4ecc83cf0f30f903746a8af81496a60d48b3cfa621
bibendi/modular-rails	gemfiles/2021/bibendi/modular-rails/Gemfile	46f7abe9701000f6c0abf6adcbf822045831a054	1ac29191b4e779ef2a62bfe0e4678e3d92bf54394b2e12d32b98f2f57b2bb1cc
bigcommerce/gruf-demo	gemfiles/2021/bigcommerce/gruf-demo/Gemfile	72646052d523e93a729188fcec10be85e5a77ffc	0f7b42476f3b2bb6a9b2b101ef1e5131de3c048ba02592f36791d003bb4262f1
bigcommerce/gruf-demo	gemfiles/2022/bigcommerce/gruf-demo/Gemfile	703eb10bf289b4501350a05caa3600d193dfc395	2aa9baa0f0349a5dced9f042640dd91d9312c1f76bbbca1967df7f1f84f610ad
bigcommerce/gruf-demo	gemfiles/2025/bigcommerce/gruf-demo/Gemfile	4381b12192fdc9e5e00da89c4b1fd41c77857044	e25c24b441aab7f74322078fd1a9311b7aa12bcd34fd48273b49dbce8110cfe5
bigcommerce/hello-world-app-ruby-sinatra	gemfiles/2021/bigcommerce/hello-world-app-ruby-sinatra/Gemfile	961a552968775dfac24b0fb0e1c9987efb84c52b	2cbf5d05f4988f02a0ea86f1f3808302bdbc267460b264b1e475f82a018b3815
bilby91/hanami-todo-app	gemfiles/2021/bilby91/hanami-todo-app/Gemfile	0b082e8169ea779240709d0c5a84a106be9573e9	20cd7e54d7dead3eee61da4a8322894a251b146a4c48de25982f162a8f0a111b
blackcandy-org/blackcandy	gemfiles/2021/blackcandy-org/blackcandy/Gemfile	64cc042b2efb4628df39c20410db0eeb52dcb7d0	50404172c1810e3f49df8c476eae0cb24a0ae8265682aefe1b5401faa424c3cb
blackcandy-org/blackcandy	gemfiles/2022/blackcandy-org/blackcandy/Gemfile	bffc9b6105bef8cc2cad04a48b75556345e63084	c1941fbc42eba1b826891d2de20d276c93aa8b715f699967be910da45fa9f37a
blackcandy-org/blackcandy	gemfiles/2023/blackcandy-org/blackcandy/Gemfile	8fb5b0fe520bcdbe7b26ffc009d04743e2c133cb	bf44093ffe7ffe344ada8c1354a90058230a276c6b606a435d65a4d1e3c310fe
blackcandy-org/blackcandy	gemfiles/2024/blackcandy-org/blackcandy/Gemfile	dd86df5281f47c052b55649b1554c5c477bc39cb	510e4f6584fd77549ccbfe3af972c662ae6983062af182a1d6b720e6a9bb8a26
blackcandy-org/blackcandy	gemfiles/2025/blackcandy-org/blackcandy/Gemfile	6c669296c1108c712c2933bc2d64f0ea4a1d0001	a2055d025694cdf57f509bf66649847c3e5cc8655c2ce78576003222a8ff38a8
blackcandy-org/blackcandy	gemfiles/2026/blackcandy-org/blackcandy/Gemfile	4eeca7f6f585d9609e794c799ffd9fefc8ac00bb	6395bff35099ecacad88fff751e278dbd10be87649a3f7fb0febe9074674cb3b
blackducksoftware/ohloh-ui	gemfiles/2021/blackducksoftware/ohloh-ui/Gemfile	244f9b0e9cbc2bb9ae4f14a92a6310ea78e9f08b	557e6afd3a6ceb6614d1a4926b7698bcf67e5b22198273a0e5c4f7bbf17c760e
blackducksoftware/ohloh-ui	gemfiles/2022/blackducksoftware/ohloh-ui/Gemfile	e96e1480ec632d462ce3772ba36f39daa1852f92	ef0146c96481a2786cce454dc24f8f2dcf75ac192b1e53c005acf471f7af971d
blackducksoftware/ohloh-ui	gemfiles/2023/blackducksoftware/ohloh-ui/Gemfile	9c135caeef47078409cdf5c44e7e7230844058cb	329fba988f59ae37a817b6e534d06158e5b2fa3355ff8bb6fd473fed34bf3e47
blackducksoftware/ohloh-ui	gemfiles/2024/blackducksoftware/ohloh-ui/Gemfile	b5046c9e5275af84817daa7bfba96cca1dc9043a	e6d23e1b8f3ae7437b3e229d7a16022f8d35bf433d0cab551abd9b85afd9b461
blackducksoftware/ohloh-ui	gemfiles/2025/blackducksoftware/ohloh-ui/Gemfile	1f6d72b5b757b708a2f6ff6237ce670eeaa46a42	010a76507c81bc2fa58f9fcdb3538e6c6d6c08df01a4080f4d37bab00507d2f7
blackducksoftware/ohloh-ui	gemfiles/2026/blackducksoftware/ohloh-ui/Gemfile	8ea6350121c05e217ca43da47118f213d6955962	6bcb09cd5224482e3fea27b7d4777ff3614377f542d67a09269e7829e20238cf
blrB/hanami-realworld-example-app	gemfiles/2021/blrB/hanami-realworld-example-app/Gemfile	c66cbf822f5bd25f0434765e24772e81960281fb	63b3d718fa4e42b0c4a96879bb96ed32d4056ac5f0b951d705273fdd68b42bb1
blueberryapps/translation-server	gemfiles/2021/blueberryapps/translation-server/Gemfile	b786e946710accfef85d1d2b1977269cbbc61b4c	ce1d6ad6e62b5a8bc66da3bcb19faaa541ecab6a3e9448ad2ed196014833d317
bodrovis-learning/RailsSeriesYT	gemfiles/2021/bodrovis-learning/RailsSeriesYT/Gemfile	fe4029c8939a3910f34d4a2b5a0b1fcdba2236d2	304af559a53505b26188d41685b5e40eafd407d5711bb9c8d7cd343b3bf4d833
bodrovis-learning/RailsSeriesYT	gemfiles/2022/bodrovis-learning/RailsSeriesYT/Gemfile	26d93bfaa810ff8599facc61d5b9e9df390391ff	ae705a23a6118d1e3c623ae6a0f4852d19c8c740299c95210e456c299ba5f8a6
botanicus/padrino-template-inheritance-microblog	gemfiles/2021/botanicus/padrino-template-inheritance-microblog/Gemfile	afe60b5c403d6576f3ca71ad3f3078220b9a06ff	bebb4d63cbaed78568e4106614daa1505eb3f077fe8769634263dabda13a9293
boulder-food-rescue/food-rescue-robot	gemfiles/2021/boulder-food-rescue/food-rescue-robot/Gemfile	37c2dc6e58516b3e406beb4678cb871e9cf2dc7d	b3c905094d8a1460b037ac443405b941b8228ffc4d98a9398dea2b2fd031555b
boxelio/flightbox-web	gemfiles/2021/boxelio/flightbox-web/Gemfile	40a9dbbfd937c9bbcd0e2c871d9db37926566586	2785dfef88eebae78a4c9a9f6de6f03110f72342d9a1a7c46fb994ddd4756702
boxen/our-boxen	gemfiles/2021/boxen/our-boxen/Gemfile	d277dd3dfcffd1024d3165bfd52e39542b3fc2e5	4e0dfed75a1917876e16410a8d5a6e24c0cc204de8da68d171d5931f11a6acbf
braidn/roda-roar	gemfiles/2021/braidn/roda-roar/Gemfile	b011f383e9ae945a38cc252a35a6de6f2a4f1f70	ca4410a80d41523ee450232419175f549d3bcf7b364d7b8a8ce70c3198c0c46e
bridgetownrb/bridgetown	gemfiles/2021/bridgetownrb/bridgetown/Gemfile	290325287b7710fac253b30377b4765177028597	8e4befffe74c9342e9ed21d27eeedd7377fa24ae3c476d335327762faad2bdc1
bridgetownrb/bridgetown	gemfiles/2022/bridgetownrb/bridgetown/Gemfile	ea5e1651e42de8026eef65e94b2db6635c660f72	1aa08ac164e04685129fd6c9a30284c1fdc17587a27b65ed7e9964df89f8b181
bridgetownrb/bridgetown	gemfiles/2023/bridgetownrb/bridgetown/Gemfile	0ab9874b7b86f892f0d603fa8d89ca7acdee09e4	b4dbe1ff94bc73a850585cb40357f2ae42fe29e08819bd4509e99a1144c5eaf6
bridgetownrb/bridgetown	gemfiles/2024/bridgetownrb/bridgetown/Gemfile	4d3eea6bbfe3ee8f104bc60dbe6a9a68b01b73ea	fc8b8593c9511e4ec1952c5c147501a4d8aed3b6b627c8f75a16ea0842e67659
bridgetownrb/bridgetown	gemfiles/2025/bridgetownrb/bridgetown/Gemfile	b0d6998d73ee1a4b940a0e02636936a843eb598c	27f67a30e844bab5a044b16cb1d9f767b46cd67cb8d62dcea14058c6207f63c5
brotandgames/ciao	gemfiles/2021/brotandgames/ciao/Gemfile	a75c1a7c3fb91fde794caaf0489a839b3e125a18	5bdd886fe562a3c0ced25433ec83e126b98dbdd0cba610a1196cbedbec9d48f6
brotandgames/ciao	gemfiles/2022/brotandgames/ciao/Gemfile	ee6526d47d35ca8850f6cc0424097a9f2f77002f	1a7eaa3d6d456f8ba9911a0dca08c227a5d648646b2437429083a02219e59227
brotandgames/ciao	gemfiles/2023/brotandgames/ciao/Gemfile	67fead9dbc4f87ceaa751ec685482679a8decee0	22d7a6bd1fa8a38a5802fb031ddaa0a8326e93e44d6708247f12114338220077
brotandgames/ciao	gemfiles/2024/brotandgames/ciao/Gemfile	d384be9de595b8efa113cc650217f783cb6a44ca	73e925ac5fc5d5a78022097a1a5703a71cad68a4776dd651baf2b29aa93dc03d
brotandgames/ciao	gemfiles/2025/brotandgames/ciao/Gemfile	63a79aa41caa9a1d149e07623448fcd679cfafca	50e30a52bb6806585304d26c3dba049935bbaf744bf9ee9aa41c37fc7a6ce9d2
brotandgames/ciao	gemfiles/2026/brotandgames/ciao/Gemfile	14b79d6d2b753075fbeb881b726d71eb2849d71d	b9654791b23e0eece2d15341acaee82fc2a45f2e6094c870ef91a119eb87da9c
brownjohnf/padrino-sample-blog	gemfiles/2021/brownjohnf/padrino-sample-blog/Gemfile	bfbffc412fee04aa80e751d6ac10c412f01e8fe4	aad4a3f88df550c9f6e0eb4c052e2080e53e15f7c30ba63e7a1bcdfb8a1f0953
brunojppb/rails_contact_list	gemfiles/2021/brunojppb/rails_contact_list/Gemfile	4d1e03b0bf4539d000be74988ce10615925bc79b	70ef299a55d83d2505dbe2a69c78f1d229eea017c76293afd9ac580ed8691607
bruz/bookshelf-delivery-example	gemfiles/2021/bruz/bookshelf-delivery-example/Gemfile	fbfbf7bf57346e16af673464a1e7447b5012a78d	8c407454d233796a837a034901f6d52b94885072d33b5d5417cc61eea2ec85c2
brynary/webrat	gemfiles/2021/brynary/webrat/Gemfile	1263639e24ce0f5e2eeeae614f10f900f498d92a	3c848880b0165704ddf4e0277c2899b8ac0f60722d72c3cf914c4c732c396424
brytebee/ContactsApp	gemfiles/2021/brytebee/ContactsApp/Gemfile	f2db86bd6b6e6224f34ad15bcbfc1604f3f97228	325125dfc894711d4cbf31e86424881fd84bb5d874d299c9e709e260295cd647
bullet-train-co/bullet_train	gemfiles/2021/bullet-train-co/bullet_train/Gemfile	abd3fcc128e97de983c338999d2e0676d2dbf2c9	22ce06fbcd20fd1ab697c057a67fd7f90f054ab082d6467c570b3da17393335c
bullet-train-co/bullet_train	gemfiles/2022/bullet-train-co/bullet_train/Gemfile	ef9dbaa040e06cb06c01eb8c748838d047063e16	ea380f82fd266198c0a5b728aa158dde1960fb025fe41ed39f2d33500dd7ecf0
bullet-train-co/bullet_train	gemfiles/2023/bullet-train-co/bullet_train/Gemfile	8925e85a56f33df151df9623b120ef03a87d0994	12892537bbb9be8e28b5880c4051699e9ca34d9cc119337c235124fcef02b7ca
bullet-train-co/bullet_train	gemfiles/2024/bullet-train-co/bullet_train/Gemfile	a050b48cc5b7e93aa04ec2d8e26d1117122e03ef	4fd752393ad3010b541e1c12a90155d7686e9da064af8c5305877d8c925f6427
bullet-train-co/bullet_train	gemfiles/2025/bullet-train-co/bullet_train/Gemfile	8011899352259120861a2b16e70bfd10a66f527e	f8f12be71e678dc322b201d2431bb5d6f83248e219c9e2e3d30ac6b668c30273
bullet-train-co/bullet_train	gemfiles/2026/bullet-train-co/bullet_train/Gemfile	d52fa1eaf6f7706689121da5607f0739e453e7dd	c4127a1da2ecfb943acb69b805a84b6ade76d274c914770bb3332ffe7aa7245a
bump-sh/cors-toujours	gemfiles/2024/bump-sh/cors-toujours/Gemfile	075220aea111eb2bf9ecc94a1f7eadbedaa95ebc	8666b9b43422c52a9b00cfc3490fda968fb945dd242a0a9fd70216e17193a4c4
bump-sh/cors-toujours	gemfiles/2026/bump-sh/cors-toujours/Gemfile	6df39b71c465f0791e09018f6b5e7f0f43097d59	e54113d17e3e9d0ef067a485c58f01d95ba42c3ade8c73eaa44de482e897272e
carbonfive/raygun-rails	gemfiles/2021/carbonfive/raygun-rails/Gemfile	e1854f1496d6586b6b181f3473d07ddd5786a535	a928d86f68ffe2f72f12c9854162705cb7f3a894ebb71512f3105806e10ebb2e
carbonfive/raygun-rails	gemfiles/2022/carbonfive/raygun-rails/Gemfile	1fad7f58cbed90aebad56d3b9fea9fe4c7293673	42236701c4bec83be23041c2f366e2e4661d3269a9dae2007f2f3d9c6655e76f
cenit-io/cenit	gemfiles/2021/cenit-io/cenit/Gemfile	2c8ce0d4d1ac6c0d9698929ed0e5ab1277600c09	bba1aea7c2a9a05d0541fa9088c0666d054d1cfec26b86f5eff4d2adbd881344
cenit-io/cenit	gemfiles/2022/cenit-io/cenit/Gemfile	ea5753950b7507323395bfc517c00b2522367e78	11ba33b93c3346d39656fc20e0d0b2f73054f71860325b2a1bca676850886891
cenit-io/cenit	gemfiles/2026/cenit-io/cenit/Gemfile	a22826538483590f0ffd1ac8ee93400f48c5b983	411245d231992f542b429df5567764b3a5f52dc95f4dc9a26746fa98c98be6ea
chagel/metis	gemfiles/2026/chagel/metis/Gemfile	51f1cca2cf914e208962e519943046fb052e605e	b2c7d213ecb1c7fb190a634a27598b80d5d4d5831a9f79e3096ef9d3f4c06fa9
chantastic/react-rails-alt	gemfiles/2021/chantastic/react-rails-alt/Gemfile	cb3d292883e816ea38e56c791e8382fd9f81ac67	9eafc25f64adfd95cf763f8b88f55c344acc4e9e49492ab7b7d3ffe8decf60c7
chaskiq/chaskiq	gemfiles/2021/chaskiq/chaskiq/Gemfile	c3c047bed09f44f958ade5673d4b9fe290c12927	a46446856713628a6daf27df6d5a42069e1885fee367d6e7cb742c94ebbf1beb
chaskiq/chaskiq	gemfiles/2022/chaskiq/chaskiq/Gemfile	008c84fa23432549fcf619f2e4635f1bd6905094	47b97a0458439d2a7553dc693858cd8ea82dd030d2a0ea459eb6162fcc90e9ce
chaskiq/chaskiq	gemfiles/2023/chaskiq/chaskiq/Gemfile	2f487acfc9924c74db411ad2d0638140c1d379a1	b3c5c76b5743a043fd7a5687232ce0ab0d45af6462b529d5dc793206408f612f
chaskiq/chaskiq	gemfiles/2024/chaskiq/chaskiq/Gemfile	8ddcac9380461f0a7b37798d79acb4629f4dfca2	9cb225cb99fcb916259354b037b03c7231ab2aee7aba5eaa9127e20bbb00b526
chatwoot/chatwoot	gemfiles/2021/chatwoot/chatwoot/Gemfile	223fb2b7e420b670d230e88b29f0b84b0da482a9	268e4312ea561781c4609779952021ffb9804fd89c5bf8d4d3fc3e062baa965e
chatwoot/chatwoot	gemfiles/2022/chatwoot/chatwoot/Gemfile	4941c93cb0566c79207401660f89065326aaf2ce	fcde9e32a2bfeb26f69fce76a371d2fe89d63a6b36b8f2a8f1e422b290809bda
chatwoot/chatwoot	gemfiles/2023/chatwoot/chatwoot/Gemfile	78fab7897dfd7df05339b1154f7e115b3e86675e	f5e450f8895eb10d47c0b0e173ef3d191d5d8745ab6a342347a66ea16429f262
chatwoot/chatwoot	gemfiles/2024/chatwoot/chatwoot/Gemfile	5e4e955e64827f96e379f1d4adb252556408e88e	a4c12e099114bca228796fb7efe39781366c9581c3e669a7e82b78bdefac1bee
chatwoot/chatwoot	gemfiles/2025/chatwoot/chatwoot/Gemfile	79381a4c5ff3cd1a2470b927dc3429c1c87c88c5	85733ad654f9e411ff1414266007f656f93fbba32eb0ef469bcb07bf86bbe666
chatwoot/chatwoot	gemfiles/2026/chatwoot/chatwoot/Gemfile	351c96a213d6015d69efc306ad86422aee41e176	33150a1e00c7e7f90ae0b17f032e0ec5fd999e7cb24ac74cdc1cb97799cd01f6
chef-cookbooks/iptables	gemfiles/2021/chef-cookbooks/iptables/Gemfile	f6ba1b372ef763ced2b6dc2bd665423323ae861f	6668795797b47127888c68558f060f74cdc7f5acc38eade118e8c40d90b77fe3
chef/chef	gemfiles/2021/chef/chef/Gemfile	bb6116d12fbc75dbb3d1daa36b8413b1bc6638d1	a35ec24f68e35d97a9b6ed592564f8f091dffdb54780010cc04b4fee02a8da12
chef/chef	gemfiles/2022/chef/chef/Gemfile	558b3073016ea0b1920398afbb35ca10cf7023e8	c793512c2e8cc9ad6a0081f6e55b2ea4e6bd8b7a2f19513127345c2c89669d81
chef/chef	gemfiles/2023/chef/chef/Gemfile	92a38cb5b649b35309bfdbe30dc40f27e1806489	f929dabe8177ca2b7f6aa7886d159ee35c9331df0c7bfd3d1c359d726f2fe1eb
chef/chef	gemfiles/2024/chef/chef/Gemfile	90a995cfadcf156cfdd6e224b7af805367fda651	346e21b86f6b1e4568f62b8fb471a2e8d7edf93aa5c1b448909cd0fbaca7654d
chef/chef	gemfiles/2025/chef/chef/Gemfile	670e23a6640db53eadecae0cbb93dff66f62f98e	f5b6e80c4a8fcee2b8a29150efc24b9d882761367a81e22484b9550840714eb9
chef/chef	gemfiles/2026/chef/chef/Gemfile	5143c004a689ed8e7978eef51470ecce8902dbb1	61e020f8bbc583c68aaaa3756b5c1181f0960bc7a9467b531b7140f4aa85899e
cheshire137/aggrecat	gemfiles/2021/cheshire137/aggrecat/Gemfile	0cb63f22f6b85b9fcdddcc2f38d783ad7e134f8c	8c7044915ce51772fb24d9f3252d57906506809d6e25d6996418af6dcb19c6d0
cheshire137/fitswarm	gemfiles/2021/cheshire137/fitswarm/Gemfile	1c1bf8c5aa712ecae37284c8d89057b5c117184a	0352dd6b0292c3131ab62f82aefe8536cded320b969ffc573eb4394d01b886fb
cheshire137/overwatch-team-comps	gemfiles/2021/cheshire137/overwatch-team-comps/Gemfile	c6420c554c7d6b19c847e586d718bc6a4bfe8404	9bb37be29cf42d80b1e869aa9d2cc31cb79174f99af52bf47f99e2c7e00d1ec7
chicago-tool-library/circulate	gemfiles/2021/chicago-tool-library/circulate/Gemfile	f63881c0f5fb7b6f47cdae43bf30f9c70a68dcbd	186ab8e479cca075cd756d5764f477a3ca79ed99217a2fd60ab7018347309421
chicago-tool-library/circulate	gemfiles/2022/chicago-tool-library/circulate/Gemfile	03c3ba6428b4fc0457a5a12f2e302f92253a433d	83df4b52df2e9915f6815b01be2abaacac3289bf017b650168e4eeb4e1feab63
chicago-tool-library/circulate	gemfiles/2023/chicago-tool-library/circulate/Gemfile	0cc7691f77e5048a6596697deee22e37588cb013	2c8b3cd277d1192c7df05e4fdc0f2f65e0b4b9e66b87ab06eeca150840a98d03
chicago-tool-library/circulate	gemfiles/2024/chicago-tool-library/circulate/Gemfile	73bb12d77ca5047fb44a6a15484f7169ce79391f	379d08743831d3b6cc360cd7db17e0564343aeb06dc6f332b17064ad5d9e315f
chicago-tool-library/circulate	gemfiles/2025/chicago-tool-library/circulate/Gemfile	4dc706043237ef875f85c24eb56833cd376b05e0	c1b6f4caa78b0826c77a347b1939c8f34e55b90c0eb39cea269bf9634f36289f
chicago-tool-library/circulate	gemfiles/2026/chicago-tool-library/circulate/Gemfile	25f11c3dfd966f2774fa0edfdfcc536be983e118	c113888ee331d510a8f6e13c45e9d3b9645484892459bd1eb960279904fe242d
chyingp/nodejs-learning-guide	gemfiles/2021/chyingp/nodejs-learning-guide/Gemfile	e910f910c5e621c267c198b96fd3b7ecb036e54c	fd24b485643ba3a328e881973f2fd2d383d2e696ee14ea5bcf5843772798f8eb
citation-style-language/styles	gemfiles/2021/citation-style-language/styles/Gemfile	f78c707d30dcfb280a1d41f9b4915aa02ab4dade	f3b38034d5f5a415a071141768d70a28c6181c3c4a6838139df93072bc6c954f
citation-style-language/styles	gemfiles/2022/citation-style-language/styles/Gemfile	43566f2727f6618454cf9e1c8f98fa41d4392400	408fd043a921e0b4a4c66adeb56ca697e29f03e1c7558ecec443657e28bf0187
citation-style-language/styles	gemfiles/2025/citation-style-language/styles/Gemfile	4f7b7c0dfc16cd1522b65e4c0df89e5ec499f726	af95142433b28f638cfd4f8ce580c6f6da69414bf6d8fee2483609978cc7d1a0
codeadict/kings-landing	gemfiles/2021/codeadict/kings-landing/Gemfile	8728beead392667675d669938ff840b1b518a56e	7496d3efeb6f7f826bfee3ff1267d86cdbe995d079135b8004983ffeb5e575e5
codebar/planner	gemfiles/2021/codebar/planner/Gemfile	56a52b6197705149d6eb1903b22833f802fca575	64f71e16f55686627530b0acf672b5312391d2a4ff398c5763bc3b39f04e890a
codebar/planner	gemfiles/2022/codebar/planner/Gemfile	c94cbfed88d82411ed1689f968eb681892c17e1c	c8e0519ade9e9e025bf1e13d82ae15053ea3c7876b181a177d19c2da198eedc1
codebar/planner	gemfiles/2023/codebar/planner/Gemfile	a740382994a4d65d489cf41b1a87c47636fc69b5	213b8982f3bcb01e7ae71d7737802694997c87e8d469df5189aa819afa2ff78e
codebar/planner	gemfiles/2024/codebar/planner/Gemfile	100be3202cb215cc5eef808f7f1b9701f4057be9	7a11a81c366e919a1986e671bde6a8e6cad1c7738a1d2002d5b6a37fe4dd1ea4
codebar/planner	gemfiles/2025/codebar/planner/Gemfile	c28db11bcaa42fd8fb81bed8792b457661cb2735	8f92ebf2ddf217ef0414449cd0d443ea04e6586e0055fced2db840978d39a588
codebar/planner	gemfiles/2026/codebar/planner/Gemfile	3f3c8e0be53d6fcbf7776bd7fef6e2aa1b8b65dd	86576297504ab8ee71a4faa6db5ef352368a152285e63de979a4c66cc55d3ca0
codeforamerica/adopt-a-hydrant	gemfiles/2021/codeforamerica/adopt-a-hydrant/Gemfile	803c8ea993d4bd6fc1a9dd76447de41f106ac5b6	7f6ab24a94f624bcce4ce856f2b7a767c3dc8e9dabad3e3030e0bd0a6b1c7e16
codekitchen/dinghy	gemfiles/2021/codekitchen/dinghy/Gemfile	4a4dc0d57602c4c4af8d96d095bdba55bb57829c	e24e215879e791c87b4f92e7aa199416d4aa6f5c39f9ce3706614eecf47e5052
codervault/codervault	gemfiles/2021/codervault/codervault/Gemfile	77919a91f3ec1ac221c56d8f8f8d2bad3e654e69	5688b4d46b9a1bee21156660b41a28fc9e1e846342f183db54365f867109a4c1
codetriage/CodeTriage	gemfiles/2021/codetriage/CodeTriage/Gemfile	51d496085bc076b43302e1c29922271688dacfe0	f7d3aa469913a623b3ee20ef06ae41be0c8b55779db3749ab9a36bb7248cf7ca
codetriage/CodeTriage	gemfiles/2022/codetriage/CodeTriage/Gemfile	1684bf854b4326ff7b0e5e69a640240b32cde110	48e3e7374539148d04e576284dd1c0376bbb69c5568024120cf289eafc49f11c
codetriage/CodeTriage	gemfiles/2023/codetriage/CodeTriage/Gemfile	2f193418ca0b8757ca0a1159a2e7827ff5a02926	949753fe8fec8c4399d4d7fa84ed04667d25418863864088d067afe9dad3ee6c
codetriage/CodeTriage	gemfiles/2025/codetriage/CodeTriage/Gemfile	950919481930f8dfd5919bb46c2b2bc9a01f3494	497846cb98705360bc0f35bc884f9eecdeee1f704a63ad186264dca4ef0229a3
codetriage/CodeTriage	gemfiles/2026/codetriage/CodeTriage/Gemfile	d1868f8634e97a111a7fca49d58cc776d206007e	c3cc2520f0871827ea184c49f6b7db2ec908dd6a807fda45acc981342dabd6b9
codica2/timebot	gemfiles/2021/codica2/timebot/Gemfile	ee7396d297abbd83161da60bd268ba4a2d648f66	bef28c4882e17edb97051721882703b6fc68cbc3fb1a2f98a06458dcc1c73cef
codidact/qpixel	gemfiles/2021/codidact/qpixel/Gemfile	a3198da169c6ecdcce38202fb1f60a07cbcb0389	5a6d3d15da372cb89af3da1561b60b633dfcb233464174fff1a3ce48827131ba
codidact/qpixel	gemfiles/2022/codidact/qpixel/Gemfile	40dda8b4d6f8984511a2f22c5aaf7f07ce2b9fdd	be26f3376f8bcd1c9ed3b2f1846a5a65b262653b911262dcfb7de0577ea76fa6
codidact/qpixel	gemfiles/2023/codidact/qpixel/Gemfile	f25a95b0e31c3c0e326ee0214b0b8146b405e09f	8683a6003d7494dafa929002e19b60b19249512b2e539a5306bf14abdc58225a
codidact/qpixel	gemfiles/2024/codidact/qpixel/Gemfile	ded12e080bdf57cf159ffc1828c3e93778d8f9bf	52b7e0ba7d8595ef37d50b76d8eef184b8a8875bebacb081e81deeca5644906c
codidact/qpixel	gemfiles/2025/codidact/qpixel/Gemfile	393e1c10da5ff3296b9bcbb2766b85e9b9724c12	e17ac8025159b40de3334462b3696ceb870326da787b8ae1759fd9de44d273b9
codidact/qpixel	gemfiles/2026/codidact/qpixel/Gemfile	36a1eb399a2c44d44645be6c2a214fc66e4e25ba	47d0155886f699a1c824137d7163f6c75ec248f86f35152bcaac363e7ce8c246
community/community	gemfiles/2023/community/community/Gemfile	d9ad22d5db514228932cf954c72aa3c9851b4337	6c65a602fce9407f2dd06926f5b73b78836367673b5b476e994078c9b1b9f463
community/community	gemfiles/2026/community/community/Gemfile	9b4ed8f9f9961d38041198da75b5d10a4f1d0bb6	4dc1edfd3d9c339ae63f8c06259ed5011893ff9983087e1664f9cdf6e068bd98
connorshea/vglist	gemfiles/2021/connorshea/vglist/Gemfile	6d89fcd9dd122fdd485ae0769cab36a24b3580cf	a69bcf8ebe042a1478f7b3e29640a88fb1b0cd40114805a5f6c55b33810a8bf0
connorshea/vglist	gemfiles/2022/connorshea/vglist/Gemfile	35a9147c9cbc13af67912c31cdfcfd6f5c361bcd	05578f152a7d3476d0f586eb002e41d4945b3ce20b83cfcd73711e9f1b8e1b2d
connorshea/vglist	gemfiles/2023/connorshea/vglist/Gemfile	a08ce6052adfd0d1d8b0f1ee77c9ae052c299086	1a2e6b0566a10d766fa03ca906167e249bc9855f7522f21f1543951815331c2b
connorshea/vglist	gemfiles/2024/connorshea/vglist/Gemfile	5e4a5301f346527bd4e5e0be8bb830c9d896b6c7	58dc87e1d9c6872d56a33096008fdf15af05771041001ea6344c66668cf628df
connorshea/vglist	gemfiles/2025/connorshea/vglist/Gemfile	7ff3d360e861a3e224565a7ad941228f5fd462e2	9001f4a708de4e0fcd9a5cf15a86254924eb41e383dd39366469dd0108b0f5c7
connorshea/vglist	gemfiles/2026/connorshea/vglist/Gemfile	b42ef0da3655d5a176cbcd91f3155956b7c144f4	6b962344a4de5a0dc92e8038bd8a7f0469da815808dda6e1e4a6db7f4832e721
consuldemocracy/consuldemocracy	gemfiles/2021/consuldemocracy/consuldemocracy/Gemfile	fecfbfdf889a9ecda1947dbe542dcbe9af899f69	8cea184e9d270807c5ed9bee6b8e806608a769e61b43e61cc56f87a3907d0cd1
consuldemocracy/consuldemocracy	gemfiles/2022/consuldemocracy/consuldemocracy/Gemfile	f9ec038671dc84cb35562568e3c89a95cae613d9	f2c91eb4d710d906230a02a10b0d644938ed3d3ef9dd836c3c63d56b40b145c7
consuldemocracy/consuldemocracy	gemfiles/2023/consuldemocracy/consuldemocracy/Gemfile	bfb02093a60b246ccda3d688cdfd113a1cfbc0ed	bf56d2ff59dcc91036ba9474204a32559fe779d502bc86a3e9cc8d125c72220b
consuldemocracy/consuldemocracy	gemfiles/2024/consuldemocracy/consuldemocracy/Gemfile	0eb62f9b9c6317deca6d7da26dbb5a634d756779	6e9fdcf9efaff9a8a9fec83cceff5aed2f754a85c157ec3aa382fc70c73df6ea
consuldemocracy/consuldemocracy	gemfiles/2025/consuldemocracy/consuldemocracy/Gemfile	92f46e0092bcc7cd2145905e4025f275c2b05de3	909547f1c08c0a6bddcc50e966d271eb66002e4ea3d5d855b6bde9d322740b04
consuldemocracy/consuldemocracy	gemfiles/2026/consuldemocracy/consuldemocracy/Gemfile	aac7b2e1168c6ab71cd303ecb8e00ebd330beceb	680d7bb2ec30a34965e18f2138f68ccf2204e2d22624422b45fdc9b57b90e76f
costajob/ruby-pico-frameworks	gemfiles/2021/costajob/ruby-pico-frameworks/Gemfile	40365c074fc72f2d906bce8da68590f1c1ad9bd2	4d0ae6062842ecd18b7fed992c5ebc745039ff48a5b9b394abec54746849fe7b
crispgm/holy-images	gemfiles/2021/crispgm/holy-images/Gemfile	98df0f2e09c111db0168d6d477451da09c503f0c	14bf810065a33ce84e5d3be35e34818908b95be97b5449fcb0d321246577f430
crispgm/holy-images	gemfiles/2022/crispgm/holy-images/Gemfile	e0e66074c1d82b07fbef9994e2281719f747dd06	977feed0378378062b459562eb2703939307fa87593b9e7b693da232c3792579
crnnbrg/paday	gemfiles/2022/crnnbrg/paday/Gemfile	6f6122ac8c7b577646bbfc473c6a8ed443e079ec	823c28570d2eb9dae5fe823f3c55209841bceef1ad364a310a659f17e5280870
crnnbrg/paday	gemfiles/2023/crnnbrg/paday/Gemfile	88e61e6289925149124bea69810c66bb791c78e3	32e3af1619f566bea609242e6e16b527d45c4c54c59df722b85f5856e0be07ef
crnnbrg/paday	gemfiles/2024/crnnbrg/paday/Gemfile	d03593aefecb3aaf0514ace979a16f466dcf27b3	641e351d9880ccfa4c0bd484c66b38e953b08f2a4f6ae4071d9c360985934657
crnnbrg/paday	gemfiles/2025/crnnbrg/paday/Gemfile	0deaaf7f934cdd872c786580527823a780964c85	eaeeff3a1a10701377e22b042fa83761ca1a7ab6b3c0b994aa5ec68897d95c11
csa-admin-org/csa-admin	gemfiles/2021/csa-admin-org/csa-admin/Gemfile	8d2344a04649f67fc2afda767158350b9e1dc187	ae8ddb8aff599393660c14c0ff3a43b767649f8b2217e220fade9e9a5c9706c8
csa-admin-org/csa-admin	gemfiles/2022/csa-admin-org/csa-admin/Gemfile	3aabf4b69347f846357415760f483a9702bf43dd	c276764ebd955c951901666321ace66cd297a0197bfb5157bb96f9f27094666a
csa-admin-org/csa-admin	gemfiles/2023/csa-admin-org/csa-admin/Gemfile	886511c3ea72b2069b15f3e7727220574b39b64f	e86cc8b7dccee394f6d9c8b2c4ddc816da9f2c791458850cb83c422414d6dcd7
csa-admin-org/csa-admin	gemfiles/2024/csa-admin-org/csa-admin/Gemfile	09309955f72dd673cd7e673a69fd79369952de89	5d9f13fdcfe5d56f451a6a0848c68f6e22228daed86ef35a065ada7f41c99db3
csa-admin-org/csa-admin	gemfiles/2025/csa-admin-org/csa-admin/Gemfile	0312b8feee72bcf7036e335314eb1d2f546823eb	13748060b9f7ba9a3b4cd6db31ac04f9b4602a7c3a58a1366a8c458b1a25ee21
csa-admin-org/csa-admin	gemfiles/2026/csa-admin-org/csa-admin/Gemfile	07f376ea2b72dfee5e875c2abff0501d279b7fc8	ec78b824bcfacb5ac5500cd9840f26ef521ed7692ea811d04d76a1a584c0d348
ctran/annotate_models	gemfiles/2021/ctran/annotate_models/Gemfile	786394947c041f781df2ee0ea003e09452fa9dba	773576f901398a63081df06c01bab9415a8c98d4a4fb24aaa6de13a625009b0f
ctran/annotate_models	gemfiles/2022/ctran/annotate_models/Gemfile	ae0b79c0f816b2433a3f00b9a73b3aea1bd3e84b	9eb388aa6eb9e10619a53bfc77b1588ec7d3e18559e4376fb9660c08a6395791
custom-twemoji/custom-twemoji-api	gemfiles/2021/custom-twemoji/custom-twemoji-api/Gemfile	7a54d4cd0b519301bf03c5f57cccdefacc0d542b	b0e7bc0f3ab14d7bc750238e7a98384e1bcb590e9fee4b32f32db002111a1470
custom-twemoji/custom-twemoji-api	gemfiles/2022/custom-twemoji/custom-twemoji-api/Gemfile	03e46d9a4bb26eb32f8ee9c329e101847d0c48dd	f12dd1eedced4b125c40f45866b7f540e528b9fe082cdf1910c713fbfc11b00d
custom-twemoji/custom-twemoji-api	gemfiles/2024/custom-twemoji/custom-twemoji-api/Gemfile	d177b438737fef1a8f08a4eb7f98870c4e277fd4	a3ebbdfcff9db781de01e0baa9094c41c1530463eeabdde1a026b7bf2ea216fd
custom-twemoji/custom-twemoji-api	gemfiles/2025/custom-twemoji/custom-twemoji-api/Gemfile	8f9bdf363a70510641ec26499ede42ed9146d13e	cb1c7624245883d3de9754d94c6c4834db274b105f0db1d38214a9feee848f64
custom-twemoji/custom-twemoji-api	gemfiles/2026/custom-twemoji/custom-twemoji-api/Gemfile	a489db303642e07b623c3936d917f6ae9c68ea6f	c94f5d8c28b036ea8bf3d0df1bddf1054799a42df28f225f6c3c2c7e8f97d638
daelynj/Homerow-Brawl-Server	gemfiles/2021/daelynj/Homerow-Brawl-Server/Gemfile	88028457c86c493bf9580ef1a9ac0c39ccc9a5b0	c0c638005fa3cc332d6c0c23f640311a07adfae982706bbe9745a0e9f6cc3429
damacus/med-tracker	gemfiles/2025/damacus/med-tracker/Gemfile	606a080cd3dfcaf936addd088b48d51406c39f99	8200b6cf36414a76c78332f04a63d1a615759c36a360173a82c8cf770cc904e4
damacus/med-tracker	gemfiles/2026/damacus/med-tracker/Gemfile	5f41f8cffbb2b275f4f0bc8baa2dead47e9c94a9	d3106e635a21f684897d70a9bb69cc9da23ff300b3044e09e699228cc9fd299b
danbooru/danbooru	gemfiles/2021/danbooru/danbooru/Gemfile	9ffc269e43e593a2c1dfd3581a33706a8331ca53	09cc958cdad0d2ec83ad67e3d696ea6ff47c05c075f97b31821a1c9bcc72485a
danbooru/danbooru	gemfiles/2022/danbooru/danbooru/Gemfile	3fcbdda73eed2c95e745ba4e04d521aee0c67545	b8b98dac956cd6dacacccc0d8aaec9f22f86e32696433986047453dc38fd9230
danbooru/danbooru	gemfiles/2023/danbooru/danbooru/Gemfile	3be001de33c08dca185cf81668b416080aa18179	222818556b73db19ecbb4061e3515df416ce224d0ec07c9a9a9943de0349ebc2
danbooru/danbooru	gemfiles/2024/danbooru/danbooru/Gemfile	a51c7d011384d950996b3b944614890c488b49c8	8f68d8642ca31b235609a59c10725aa627371d3699d91ece5a598d17df5fd550
danbooru/danbooru	gemfiles/2025/danbooru/danbooru/Gemfile	23f3ef03102c6aa452b94d1ad150c8d29fcdf588	8b63896e953b1d637b242e413b5877e4ab6ddc7f059b865e6ec32ab52294c2c9
danbooru/danbooru	gemfiles/2026/danbooru/danbooru/Gemfile	9a4a6e2de0c4d2cd4e3288b43f06b622a9e07467	09ee21883bf1b17358f991b7bfe22f7fc3835b9300200c3c7043b06dd4454fe8
danielvlopes/oraculo	gemfiles/2021/danielvlopes/oraculo/Gemfile	23584cb39c3ce70b0e1eff963878fb60f0d73f27	f44470e0e7a7f60a20789c812359d2df6d5d37cccb95c8dca1438002eb8bdeaa
daqing/rabel	gemfiles/2021/daqing/rabel/Gemfile	8e8d802bca5cdfd9823d8e4c025a3933c839bc3c	796d876e3a4dd248adabdf280ae2467fc7fd60aa79189118d97e8011d8bb0fc0
daqing/rabel	gemfiles/2022/daqing/rabel/Gemfile	ce7e1c29a52509d62f4b9fac436aa88385d83021	2086935e2b354847edc07d2b4a1f670232213f4c67bd063425e0c4a62577a4e2
daqing/rabel	gemfiles/2023/daqing/rabel/Gemfile	a021d48320f1175c579cae1d2dfc09ce561ce5c0	37430cb304905284c31596cf12ef5a97f4b28b937933762520220037239423e6
daqing/rabel	gemfiles/2026/daqing/rabel/Gemfile	3f85b3c35a19e4a8225387ca72da662ec539f0fa	cd70025e8865948a0f860b0f1102543f2c8ff3097116459b0032a3ea5161cf08
dariocravero/Padrino-nested-forms-example	gemfiles/2021/dariocravero/Padrino-nested-forms-example/Gemfile	d5fcb3a458826905dd7e2d75c692bd6f31b3383a	44939006923e508dfd2094b94b63357d5afb51d3da77687838223e0d60a7b939
dariocravero/declarative_authorization_padrino_demo_app	gemfiles/2021/dariocravero/declarative_authorization_padrino_demo_app/Gemfile	e37c87bb8fd0fc887e05f9b8f3c127b6c91237ad	ccc9fc4e304ce3adcd16a284aec084f1066d6384ac46f17d0d84b261a9eb7bee
dariocravero/localization	gemfiles/2021/dariocravero/localization/Gemfile	f0a2b698cbe30f62ac7dc52466c273cd5c0a161b	6ebbe1433f9d0820a2429185285f6189da88c638c3ace24c335d8aa23503e73c
darron/heroku-padrino-template	gemfiles/2021/darron/heroku-padrino-template/Gemfile	9c02018b155c8247c3ddd8ae1bdf30081d45e16b	5718eb870620e7de94fb6df28f1cf3a392c42891299d1b98e9a436a141541841
darron/padrino-paas-template	gemfiles/2021/darron/padrino-paas-template/Gemfile	5a7d6474c54b535bdf7a8dfef2d54452b2bae1a5	c8b8f2bddf08c8967457c9dbd4ffc205437f9be2e80d399dc3d8e0b0fcdd928f
daudi13/Recipe-app	gemfiles/2022/daudi13/Recipe-app/Gemfile	f8743e7d508c5f62a85a379d8d8decb02b5265e1	42c97570f6aca2074e0c8488dd5b0365eafc222d8eaa2c5bc855ced9baff1097
davidesantangelo/dato.rss	gemfiles/2021/davidesantangelo/dato.rss/Gemfile	385ef086ba7090b1f3ab44bb0f555eaaf0e32b68	0ccb6cf2ada78fd03844a56130384914d1f8e77bb9c4915eaec2cc5b745d32dc
davidesantangelo/searq.org	gemfiles/2023/davidesantangelo/searq.org/Gemfile	caa5a8745b6bc91d34df17414ddf9087ba8155c3	491e8b6d418e457dbd2be54ed62f384864f0364180041ed71d316000546f93ff
davydovanton/grape-rodauth	gemfiles/2021/davydovanton/grape-rodauth/Gemfile	d19298df035e6cc969a633c009d9227a9c6e9aa7	a521eb9413d2269f0ca610a98daa2eae3526e12fe90abe13fdf684f2c702c8a0
davydovanton/hanami-graphql-example	gemfiles/2021/davydovanton/hanami-graphql-example/Gemfile	ed6315f32929ca114f6c5e195b4e9561815a020f	18b2c67061bccfec7066b4a177aea79d1c1297b5de770bd1bb1c3d9ce70114bd
davydovanton/hanami-workshop	gemfiles/2021/davydovanton/hanami-workshop/Gemfile	78772b74afb90cd2a34997f0b3dd4b5df0de5950	e0e595129d5a09032d6d494866ac40a334fe9e29310217d8a0d890e73e72129f
davydovanton/hanami_event_example	gemfiles/2021/davydovanton/hanami_event_example/Gemfile	fdc078a14251a47399ab6bc2bdf6cace51267c58	d3abc5994c9773a248c39074306a389f501a9e442555f00cbc140c80bc4156b4
davydovanton/link-shortener	gemfiles/2021/davydovanton/link-shortener/Gemfile	e186f30b46900678be44577f1ae8517a6fa074fe	0eebac1321092176249910d6d1937430c3f2d7ab34dc63f573a99e4e958e2825
davydovanton/rodauth_hanami	gemfiles/2021/davydovanton/rodauth_hanami/Gemfile	b1dfb2b62c12cda04218c7dd6b57c431c3587eee	632eba2b488061f1fdcc8407aee78153222b20fd6d7ad1246af17820dca9c701
davydovanton/ruby-service-template	gemfiles/2021/davydovanton/ruby-service-template/Gemfile	559d29bda199cdc0aa352bf6349b6997fee03285	815645260df867cbd569d6eeb149f1ee7685af90236049280eb938358d0b4aaa
daya/jrack-test	gemfiles/2021/daya/jrack-test/Gemfile	a642bbffbbba620badde56dbe346382f55698ad0	407bc637428c85057b84e150973b5c7297854d62c88d99b5db4718762847865e
daya/padj	gemfiles/2021/daya/padj/Gemfile	d3f08833341b295eba66455978cdcc5947b32508	5e45d481c5e8673722895a630f37c5403d6f57b2540740100898943e17e29ef5
dazuma/toys	gemfiles/2021/dazuma/toys/Gemfile	113f2b1d1e18666c0ba6288c4785daac0c77f5c5	5c757608c3eb8eb7c88133be92c0b809b89131b416b13374325ab45698796701
dazuma/toys	gemfiles/2025/dazuma/toys/Gemfile	6c213b368ac5b68866289f52ecf81cd4223e5a67	bf71a12e4fbe7eab028ecc0fbd51c6fe60d010d1c2ebe66c4808a2e4bcae9bd3
dazuma/toys	gemfiles/2026/dazuma/toys/Gemfile	5d753056eef6b649f420bfe7ddb99e16623b3283	5dd7c2b3a494bb7ca2747386090f6255e908207689fd0c3b37285603cfbc4f07
deangerber/hanami-with-cucumber-sample	gemfiles/2021/deangerber/hanami-with-cucumber-sample/Gemfile	1162b46a447b6c38d9652452146427d52a6ca4ad	65e469e2b831b9fc5ed3058aec90659762157ac148261efb070fef00f67052cc
debugtalk/AppiumBooster	gemfiles/2021/debugtalk/AppiumBooster/Gemfile	808b04ea0ec046b6cf59f8b0b07e195764eb58c0	876658db2a2a13b10b690e58cd06d5d71c862c74250aafa1abfcacba91965aec
decafsucks/decafsucks	gemfiles/2022/decafsucks/decafsucks/Gemfile	d53abf6dcf79eecb80eb110e61cd025688cd8109	317c6b4ff446346909cf42aff28cd08f49446fe05e81116d471dfbafd1ab5e86
decafsucks/decafsucks	gemfiles/2023/decafsucks/decafsucks/Gemfile	44c3140a6bf89ce3db3ca9316a5e6224aa1cec13	2139959af30689d29b41e535d4bb404be3a983e45e89cb2873a04fc7a854fbed
decafsucks/decafsucks	gemfiles/2024/decafsucks/decafsucks/Gemfile	e7e74402e777e62c830dcb9231f63f4e201d7148	17bb9ae4f5b3f459738dceee6d53b6dd47f16a2331d9f669587a1f70d582bd90
decafsucks/decafsucks	gemfiles/2025/decafsucks/decafsucks/Gemfile	02799650061cec14db4b46fb940c2ca5b5597cec	c11b51ae6c251558b44a9f3c4138ab9a2e3fa6ce8636d4c4985cfc631f6c2e24
decafsucks/decafsucks	gemfiles/2026/decafsucks/decafsucks/Gemfile	431730321e564208b1e75bdec5115019046836ca	9a6229acb416f19d18595c8e499d24ca98802750d076029ba132d567b9c06a11
decidim/decidim	gemfiles/2021/decidim/decidim/Gemfile	092fd6f2460ed4fbcfeb13ecb80393c716909866	bb0c4fbd4fd1f7e55063114e79e9a0b03d87d8b20efbb96a11eb99405bb700a1
decidim/decidim	gemfiles/2022/decidim/decidim/Gemfile	acb9a9d50c4e51d4f379d761a6d4e00e24c0e7d0	8fc29755a43b07b5417dc06a1147a98fd72f3f1b94e117b3a92c91c0bfc96c06
decidim/decidim	gemfiles/2023/decidim/decidim/Gemfile	eababf07d5c3bfb180aba58f36b0ada08f0c0dab	cf4d2f53a928840d8366ef32466611a4a4f62ace936f3ac1b1ed5bcc9a8633d6
decidim/decidim	gemfiles/2024/decidim/decidim/Gemfile	f2f89e2ae866a434a94839a65d2a416302c0b87e	1ed464df5cc936a1bfa76f5780236c7ed3a926bc220b09825c1afdd4cd42d5ad
decidim/decidim	gemfiles/2025/decidim/decidim/Gemfile	b08bdc87104746a24e44a7e08c6bcfe152d5d670	2adcc1076e38d8c7f0d396e58a001e4b3738df0bf84ac7506a5a4fbabbc013b3
decidim/decidim	gemfiles/2026/decidim/decidim/Gemfile	1204060bab026869c5a64ce5c8902a315e8dc3b6	7ae5595571bcacc7d48018e62cd630afdb919c23a32236fc87ccb2bc9ef19c2b
denisfl/inbox	gemfiles/2026/denisfl/inbox/Gemfile	ef92872317ab75cf2e4aff334dd0ff51b206d420	fbbfa43c21514ecc28d72935e2d222ffccaae3ed5a25df8323aa4cba778e3777
denny/ShinyCMS-ruby	gemfiles/2021/denny/ShinyCMS-ruby/Gemfile	93fc57a2357dbef7753c004bcba3d80f891cbaac	54c42cb7e24319373ac0b2a6edfcbbc24a44ba9f30dcb3e8574218d7b6dac2e7
denny/ShinyCMS-ruby	gemfiles/2023/denny/ShinyCMS-ruby/Gemfile	e52d71f2a82730c0b9bd2680ed00434cc58b0670	05499f96dc6b0400199bc6178800257d0fa0b99f462c6dafc62b15441c70561e
denny/ShinyCMS-ruby	gemfiles/2024/denny/ShinyCMS-ruby/Gemfile	f1e79b5cee5cda5e7cede3d2630f32fa990b93d4	dc97ff8f23d469009db3aa7cef475fb322cffa8225a80a149925355a475087ea
denny/ShinyCMS-ruby	gemfiles/2025/denny/ShinyCMS-ruby/Gemfile	0e99443101e47398342c562e8c2ca1e346ed6010	5d4095ee5a8a8f714de8fe83a2a0558d5dde15cb99e2394e245f9938f52ae02b
denny/ShinyCMS-ruby	gemfiles/2026/denny/ShinyCMS-ruby/Gemfile	768115c24170f91d0c57c37251bd672ba4e3afbc	e47712a71a52d1c4e3904aa9cd25dcd661261e1a5fc11de90cdca8e45b865c9f
dependabot/dependabot-core	gemfiles/2022/dependabot/dependabot-core/Gemfile	06702c83e5d964173504ddba6838c37fe37207ba	086db481f7ebebfa435e7d9864ef8612b075f38a39804717db94e528f93de585
dependabot/dependabot-core	gemfiles/2024/dependabot/dependabot-core/Gemfile	c3127ffb2d79b75abfdddb2ff7eb37c72e15f7e2	5907b7e868478c87a2b447317bced5f44871d723d91d75d74588ecb4eacf306c
dependabot/dependabot-core	gemfiles/2025/dependabot/dependabot-core/Gemfile	a789dd441e3b192c1c8dad2f45be8782ffd7584b	3325d7c83ba98ee500bc209d498290e39ad16de466dcfa665e2532aa3b1991ea
dependabot/dependabot-core	gemfiles/2026/dependabot/dependabot-core/Gemfile	0db0342964b1627e76be5d5449e7fbbf48b88b70	25c2905dc4e35f60cf3535a982b79f1c7855087c47ff09a594903a45279e77a2
dependabot/dependabot-script	gemfiles/2021/dependabot/dependabot-script/Gemfile	4330ff7043b6fe2bb009005e2f5b0ca9985f32f2	16e596a3e163b5773545645a5ce08d077ab8481e0a1f43601e8c57590214e627
dependabot/dependabot-script	gemfiles/2022/dependabot/dependabot-script/Gemfile	8dceecf5419ca9326ef62b1c9985477a9923a70e	73217ee32b1733b6103f77a9a1027560ec92303386e727c4968d98861aa35bd0
dhimasanb/rails-blog	gemfiles/2021/dhimasanb/rails-blog/Gemfile	c97a7de47e2f9e7986562678d9c2e0d984ec7e6d	b60ae969be0637f31ac6dd568d4bebf3ab1536d4fccf902281db01d04f1cb7e2
diaspora/diaspora	gemfiles/2021/diaspora/diaspora/Gemfile	37a7c0b35d560125fb0e60081f71fa029a5adfa4	35b003735680b49924140a3af94971a6acc5c79008bfd761ac35d559eb36c043
diaspora/diaspora	gemfiles/2022/diaspora/diaspora/Gemfile	f3a6cd9a7f988a2b3c9c5b993dfa7862b8a1ca9c	3b5625dca301a59d32a25f2ff3a67bccbda98069ef9313cd323469d44544c375
diaspora/diaspora	gemfiles/2023/diaspora/diaspora/Gemfile	1e1130e21136d270f2f45e582b29c8db532ecc5d	2bea5bf3403e81f9c67ac9a638b5cf63a89ba5a41e62ea94bde5ace04d32ca3a
diaspora/diaspora	gemfiles/2024/diaspora/diaspora/Gemfile	37096d9c8805b4c6f0ea397fff8176d928a526ad	7bf2c99e0c4a57c279f80f54423eb09090dacee944cc973381bd5bb34aa8a837
diaspora/diaspora	gemfiles/2025/diaspora/diaspora/Gemfile	49f3442f64826272ed9ab70ae6437894d58f96de	0963ebb27520192014fcdbbf51ac2d6af31d60c6a240b9789bc0696d44e7aef5
diaspora/diaspora	gemfiles/2026/diaspora/diaspora/Gemfile	f96527862dc1ba2e5b95c4196efb0d1f0cc4b6e5	6d84dbb1f9860b30f84779b466392ca72ff8c504769a23f00d388794ffd0de2e
digininja/CeWL	gemfiles/2021/digininja/CeWL/Gemfile	625a651e051b7a92437555f496c9ff08185ef985	7a076053d05cee938f90c38f1c3154ef874a6d0c1e0c887c43c1c237c6e8b5a0
digininja/CeWL	gemfiles/2026/digininja/CeWL/Gemfile	ca01aeae1c77bb086ef757611dea6377b8d1168b	b02894cd8b730e8211e4fcbe72012d2a795b4fcaf73ef51601716e5ac5d70866
dilolabs/nosia	gemfiles/2024/dilolabs/nosia/Gemfile	4a098e405ff1bfdac5f2071b2687591ec20f9b90	71cae7f75de87e75a066fd9b8b9b70f9e3c6dd5c5abc8f46f6ec04330ba7e861
dilolabs/nosia	gemfiles/2025/dilolabs/nosia/Gemfile	5268f30e7d83680abac0cf3a6558c15316ab33f1	6c20c908f6cc3f7ebc1e8d0b8390db3b487c5294c0cb0bb1832cff5ab9f4f3b6
dilolabs/nosia	gemfiles/2026/dilolabs/nosia/Gemfile	0ef5e5decfa7b027f5049f6ca3394ab4157dda36	d28c5e64ab635aae5aacf7e9addfce8af5147fa88a159a4ab05c6c5c85bb4aa2
discourse/discourse	gemfiles/2021/discourse/discourse/Gemfile	4f815d2d830c1d730bb92484aebd1b848cf230af	00aaa57ee6ffd1a4e8655f47bda90cb2afb1309a63fab712fa6c9e16a3ad30e1
discourse/discourse	gemfiles/2022/discourse/discourse/Gemfile	702f27e6ee10ac257f5fee3f331d05f5fa5d7a45	5de2c3274018d7f4072ecf89060e8ecdc92953e3c7cea58bd5d334b67013687c
discourse/discourse	gemfiles/2023/discourse/discourse/Gemfile	baa7c4cec742f2275e5c8712c692076df0bfbac2	c12f1f6402f4dd02633b0472add14ffa02f1d7aa0cdcb1085a1b1cea7720166a
discourse/discourse	gemfiles/2024/discourse/discourse/Gemfile	2ff3f44b957268718e03554fb25d485e1d449ed5	d9ad7a359b86e8c1abfdf7e82255abf8ae61f5f1d99bd2b0187dbf3b4af236b7
discourse/discourse	gemfiles/2025/discourse/discourse/Gemfile	a9008966f0b339b5a00c1629bc61eb2ff8ad812a	128494cb4a4e1b677f9b0c3868b44b220e4f4ef73ffe646e1d0766cd87333449
discourse/discourse	gemfiles/2026/discourse/discourse/Gemfile	67bc74d0d83f8037ec538c1299b8d8cb59211319	f005c16bfb05e53508f88b138b47f619ebaba2f13a93eb8aed65aecc04fa0908
dkam/splat	gemfiles/2025/dkam/splat/Gemfile	f35796b3bf5824066c89ebd127c821e772d01093	d1d40ec493d3053aafcf8ea4881f8ccdea012217304d75654291d81af1834335
dkam/splat	gemfiles/2026/dkam/splat/Gemfile	8375cd44ce09fce41a5d551326287ed4f71ca769	1aa135c1392991d7afd5c8776abf8230dd285e4b122fc292409d0a13a7b31928
dmorrill10/acpc_poker_gui_client	gemfiles/2021/dmorrill10/acpc_poker_gui_client/Gemfile	56e524b016331babd7988b7eee1cd4e5db7a1a57	a636213db3294fd3c8a6f8795aa1067ef931a201c922abe6048f9c0a1a611ead
docusealco/docuseal	gemfiles/2023/docusealco/docuseal/Gemfile	f358f24abbe13e983075e808ea9d2befbc045f38	24a26ccf1c88e7224884d5048504890c83b1f0fc657bf1a7515e6b9c791c6efa
docusealco/docuseal	gemfiles/2024/docusealco/docuseal/Gemfile	b3507c1a3a2b575b77318c9e9dc23a4955c7b006	7a642329540e1c75b74212e9fa66fbae8b59ca3982b1955fbd982fe89c759e62
docusealco/docuseal	gemfiles/2025/docusealco/docuseal/Gemfile	c55036a1b10515082ad0c1ff75c59383156923fa	c439e5924b89435ae5a59bb7609c05fc3c420740a2dfbb6ae45e7d4252daaf94
docusealco/docuseal	gemfiles/2026/docusealco/docuseal/Gemfile	44dcc7f312f0f6ca30d8bb9630117fa0c99bd987	c616d3355d5d816ee77b71b18303f7d1cba7296ff946568478b9978a6a52047a
domagude/collabfield	gemfiles/2021/domagude/collabfield/Gemfile	c2030e63baa8c1feec4b96faa2ab91d317435551	41bcf27f2d72f48c5769ccf337b0ef1a44d06787ebe018a0f8eb7cd7b69dadad
dommmel/mytime.io	gemfiles/2021/dommmel/mytime.io/Gemfile	0ba10b8b69d5f54c6536e5c54a5102e9357ec4ac	cb2b243480291920501dce7ee4421d3da384299ec6f230a8390ad4bcb9140a66
dommmel/mytime.io	gemfiles/2022/dommmel/mytime.io/Gemfile	d51e27400c80e793e0f176b7137a5b6907d10849	aa00721b2117e6b4d9112a017cf7b00ff066efd69bc646f04a893d8736e11374
dommmel/mytime.io	gemfiles/2025/dommmel/mytime.io/Gemfile	0b6edeeebfef24e6aabf510486e608d910114b10	0a6647b7694295d62b9312a84462816365cd719d82df3722947bef63d95551fd
doorkeeper-gem/doorkeeper-provider-app	gemfiles/2021/doorkeeper-gem/doorkeeper-provider-app/Gemfile	9330307d9b556a04ecadf25513e3e35b933a592c	3a477db6aa4ae6f5cd9297b9fd2f70617cde88fbf7738a1dd813e7b8df525177
doorkeeper-gem/doorkeeper-provider-app	gemfiles/2022/doorkeeper-gem/doorkeeper-provider-app/Gemfile	b739ebc23c8ea9c8c582e1412703e081f2cc4712	50c0009e0d206347229da7be5b8f9835728f84c60251694ba3052852565b97a1
doorkeeper-gem/doorkeeper-provider-app	gemfiles/2023/doorkeeper-gem/doorkeeper-provider-app/Gemfile	58695f4b352853915a0b2aaf9e199acffbc965a9	9d9043b5b5cd9bbd0dcd0fe8717612a5d4c3a06f0ffdd696dce4b975dc6a5d49
doorkeeper-gem/doorkeeper-provider-app	gemfiles/2024/doorkeeper-gem/doorkeeper-provider-app/Gemfile	e709511bb05124a0f6047c2aad113cbe28457942	868fc788f208aeb004b35ba51148fcb50f34ad0a10b01ecbaa5d517ae890e0a6
doorkeeper-gem/doorkeeper-provider-app	gemfiles/2025/doorkeeper-gem/doorkeeper-provider-app/Gemfile	3c19cd0c7f123aa3af1abd43feea9ad1b9fa80e1	19e86bf3afb1346558ce29e8847d61561c7042e89adfcb802fd662bd73cc352e
doorkeeper-gem/doorkeeper-provider-app	gemfiles/2026/doorkeeper-gem/doorkeeper-provider-app/Gemfile	d7fa74002d7e0fe6bcc41c31adf4160342bf469f	e5764cd2b8833d7c0a370444a2042ce119e3e1972432f0bcea32369baac692e0
doorkeeper-gem/doorkeeper-sinatra-client	gemfiles/2021/doorkeeper-gem/doorkeeper-sinatra-client/Gemfile	510a5154f38b98a6c0e3f3d72c97d5ba9ff621f6	260c81f29f9db8a39bd0608038b2f1fbea7311bdb689e84b33ef27c52ee450ad
dotless-de/vagrant-vbguest	gemfiles/2021/dotless-de/vagrant-vbguest/Gemfile	d623aebc8de0899a8d0fdca77f87daa8321b81a3	7da0c8198d902d4987c96bf34474b4d7557841409bb39674f6114fd29b831d4b
drhenner/ror_ecommerce	gemfiles/2021/drhenner/ror_ecommerce/Gemfile	23d8d43b2451d4317e6228ba2ba89656f795f9b1	38f516b7c021b70988b9d184752a7e3345620e342dbbfa80edebc732c46d8493
drhenner/ror_ecommerce	gemfiles/2026/drhenner/ror_ecommerce/Gemfile	6139e268919b7f6a381a6b6e2c7caef8f322e50d	6bb78a9b86ab4eb6756eb6c4e4c6dd84b30ac0fa3994a4aa74608c9171123c71
drifthoundhq/drifthound	gemfiles/2025/drifthoundhq/drifthound/Gemfile	9130be53789355f746eec70017809167b68d5c2d	ea1fe36ea5707c7932327467b89ecc9867319b19a258ff5d8b7a52bca40cb5f9
drifthoundhq/drifthound	gemfiles/2026/drifthoundhq/drifthound/Gemfile	fa4f28f569ae26b6c1903b21cc3e2fc5647dab81	8d3d7c60204d9977d06707166e33aa000820c3e3b3eb319828fb027f29e5c8b3
driftingruby/042-fullcalendar	gemfiles/2021/driftingruby/042-fullcalendar/Gemfile	61eae8f185bb654ca47064969fe0f609b1520181	aa3e84aea4c0591f9dc1474b0e3917cf74c4fb0280e69b8251aee63b15fcb066
driftingruby/445-streaming-llm-responses	gemfiles/2024/driftingruby/445-streaming-llm-responses/Gemfile	5ac0d3f79ba595d45540a948ad901f6d79b8ef9c	04048174f839f13d88f0fb983eab220d67b5762374122089f159ac003f267ee3
dudo/ruby_grpc_skeleton	gemfiles/2021/dudo/ruby_grpc_skeleton/Gemfile	9acc45d0929093aaf37ec4cdec9f478582e57982	85c355f98c74af5815fe62510ad4e3dda2b44a10fc64b73da4876aa9f2b9dd0e
e621ng/e621ng	gemfiles/2021/e621ng/e621ng/Gemfile	6f8b4001e03238298a1ebf8eaa8e1caf36056ad7	6adc96cb5a89e6bc255488e2ef1733e19253466a02e9de3d88556cbe689b19d5
e621ng/e621ng	gemfiles/2022/e621ng/e621ng/Gemfile	e5eacd591821755bb9968012242f8161724f985f	673f0b5250be52f34be40f56fadf95a9d9f684acc151a74602f3ce7b25c8460a
e621ng/e621ng	gemfiles/2023/e621ng/e621ng/Gemfile	8b3b7c70519f24ee5ae53ed135d8c5a16b490e38	36aaa3a0d0f2b19e8579d2d2d2ce7ca243b1be6f6da835d9e6c9c1f9d04d6860
e621ng/e621ng	gemfiles/2024/e621ng/e621ng/Gemfile	afce6b614ce4aa67dd9670a53f284fcdc82ccb11	99dbc26c4fc7e71bd308f440a2c7f14c5d32b18a198a8464d1c0b00b3a994181
e621ng/e621ng	gemfiles/2025/e621ng/e621ng/Gemfile	c4e8bbd7e3b5eb1cd11723f9a2e432325d7dc637	fd0689c285f7a1406d2024d5af0f0c1f5aa135f5717fc0bc3914e87f1a8b6bc8
e621ng/e621ng	gemfiles/2026/e621ng/e621ng/Gemfile	9ecbb7e83a1779387dc1870c943426770dac3c3e	7fa93be23403aecaf3cd00f3a7d6337bad1346cd8a2ebb839606f0f376a68383
eileencodes/security_examples	gemfiles/2021/eileencodes/security_examples/Gemfile	0809efc6e6a7c11133b58b77ef8fd55ff6d00ed3	d095825d0f81bf44334e92613134c55805b050a0bf93ee2f9c81da1902ab808e
ekylibre/ekylibre	gemfiles/2021/ekylibre/ekylibre/Gemfile	e4c0f5c5a56e526fbdb952ba6bb2069a01ff3a82	5fbf1e0eea5c862c511abc4addbd7b69528134f870392e4d92a878e6efaa420d
ekylibre/ekylibre	gemfiles/2022/ekylibre/ekylibre/Gemfile	e2dbefb886b2df7b4688b5e2ff13e547a588c0d3	bfcb8781080dba3f7a42c6515b92224b2674351a5c00fb6c0440476d83f2ad9b
ekylibre/ekylibre	gemfiles/2023/ekylibre/ekylibre/Gemfile	e20e801b75862ffc4a80bad4a7b61279f9b08acb	831072f4447ea744d6cd41fcf18c1fcacb1d778223bb3d228921a5115060d5db
ekylibre/ekylibre	gemfiles/2024/ekylibre/ekylibre/Gemfile	5209930df140a49d6da4e775496ebe8b920ac4d4	1e5a23e7375f30222786bc9fb909358cc50faa1e6a50efb308c0f4a5278d242f
ekylibre/ekylibre	gemfiles/2025/ekylibre/ekylibre/Gemfile	5f48ffe378fc196598b45bf9f39dcec9436fd1b8	1aa1fb652ddd4998ac14b6471efd2817633c6f13708bb09ced8e505d58c7ca29
ekylibre/ekylibre	gemfiles/2026/ekylibre/ekylibre/Gemfile	4c6532cfde377dcc36a97b38942d910fb2b6fa78	a706b61f0020e545b9ba5ca1e94f745b90cde49d663036d2c08b7e212cdc1067
elastic/ansible-elasticsearch	gemfiles/2021/elastic/ansible-elasticsearch/Gemfile	f3a389e8ba9f837dd968f9ca4e22753f48c59eb1	45a78141418029305c556fc4e04b54b8806680785958c469d329835a060438be
elastic/elasticsearch-rails	gemfiles/2021/elastic/elasticsearch-rails/Gemfile	835ea07643011544f9a6f0866557cc5f27ad1e51	5434c9e7a7596f60b339f8e4a03432b404a214c6fdb7342fb49d5abbd4cf6c8f
elastic/elasticsearch-rails	gemfiles/2023/elastic/elasticsearch-rails/Gemfile	d9c494e8a930639918135688ad98ead769acc188	2f3e715e5d29e04240c0dc3c7c94129aa66d762044cf7d3fbd0f78ab97229169
elastic/elasticsearch-rails	gemfiles/2024/elastic/elasticsearch-rails/Gemfile	0b92c86ce24222d7422aeb2a67a8f13dfd358681	655ec5499bb95a745fa06b79511a0e3a67a0f20043761d9d4fe798d7459f1086
elbouillon/ppl-signator	gemfiles/2021/elbouillon/ppl-signator/Gemfile	4aeecb2ca9c1226afe13d14fd54b7ec2a2c96acf	46b56d66c453efcf8d582fe83c4494b10d3b1df2e05285d10454cb02b48bffda
elbouillon/ppl-signator	gemfiles/2023/elbouillon/ppl-signator/Gemfile	dc6f416e6bbae409995f3f9694ec802dac7e7ad7	02ac1722c828c3239497e54880cc564c2f8d6c81b5b7b2763198ec85b7e23101
eliotsykes/real-world-rails	gemfiles/2021/eliotsykes/real-world-rails/Gemfile	82ab1df5a0ba72cde4763df963f893db8c11accb	edcbb991a342434c075a8509abb003974dff451ed633e1de7f82114b970c3f18
eliotsykes/rspec-rails-examples	gemfiles/2021/eliotsykes/rspec-rails-examples/Gemfile	f6ba3d6f6f95e9430c3207d0d21e672de4a98359	2995bb9c918f3539614e3125833ec3d176ace5ed1064ec842a8a100ce3e92a95
emachnic/Broadmac-Padrino	gemfiles/2021/emachnic/Broadmac-Padrino/Gemfile	0ec9f769bcad03d5a0fe80d37a38176645a01542	60150bd353e677a82326471cd909f4f792b415977c6bc89d7b7dcd160cc1ed6a
emiraydin/p2k	gemfiles/2021/emiraydin/p2k/Gemfile	3191750c15c79f7c6f971db086cdbf1f4774231e	73792cefd4bef2fa917a2a54e9686fd54cc92689567708f64355968085899ff4
enderahmetyurt/veterinary-list-api	gemfiles/2021/enderahmetyurt/veterinary-list-api/Gemfile	82f76e38352f5aba53c34d4d28ae8ee19209494b	dc269eb57c8e08f07a41727363b846de7bb459d30dafae32b5bc963502c96458
endoflife-date/endoflife.date	gemfiles/2021/endoflife-date/endoflife.date/Gemfile	9e29b398d4a5cb3d384edaddcb2b90a6f12595d9	af4c77655c6eddd8b002fab5191ff82d94ace731c6f2fbe5de06d71f7ee918f3
endoflife-date/endoflife.date	gemfiles/2022/endoflife-date/endoflife.date/Gemfile	29e99c8d1be7aca2594e07ea20a1efdc965277b0	0dc6b7a9ff2b7205bb0be0dc992673095bc9d0120ea30c051fe809efc6847c28
endoflife-date/endoflife.date	gemfiles/2023/endoflife-date/endoflife.date/Gemfile	e66f06b1d08c8166c42380b75e7253d721337a1a	778a38a2efd30ee923c0d901c76d4d9b0f4185a8d2a511a9d5128b6585a9ca31
endoflife-date/endoflife.date	gemfiles/2024/endoflife-date/endoflife.date/Gemfile	dadebf4ae203b3ca055c59417f5d2a149fa439d2	52fe198813149bac00a810abf3546ac115bb0170e540919c233c2cd20d28cf0c
endoflife-date/endoflife.date	gemfiles/2025/endoflife-date/endoflife.date/Gemfile	21fa9e3be94fb89bf418319910fbb2da176a83ee	770ade7a2bfffeed4ffeebb23093042bb642a0694f8779e4eb3288cb126d4552
endoflife-date/endoflife.date	gemfiles/2026/endoflife-date/endoflife.date/Gemfile	d6b7f811fafb7ec16b85a653b3d659971106a694	a6afe5857e03c4b15dfc5fc6e95c2d05c120d2e0acd0aa1c2bcf8020c3a5316a
engineyard/rails_metrics	gemfiles/2021/engineyard/rails_metrics/Gemfile	17b04e00ff996f11d3ffbbbf6130e6c7930a874f	cdaa161923d1ba694f7c2f71d2de781be7daf47c9d82f48d4c390a231606d4d8
epistrephein/rubies	gemfiles/2021/epistrephein/rubies/Gemfile	a5533d3daa4a45c08ca9b834b631c7feb754e269	8d4b43187c36c7557bf23e412ce3a43ee9f63eb90e1c8816e25034fc7cc440ce
epistrephein/rubies	gemfiles/2022/epistrephein/rubies/Gemfile	d4e1dc419bb694c37a39e611f706fa3cd5579207	c74e602121f46432f4c07cad8b33bc575fb754e04b81f615a730fd37e472acc9
epistrephein/rubies	gemfiles/2023/epistrephein/rubies/Gemfile	368902a99109092be365babd21da9a4e86dadbdf	50300de391204686eed43d82701721a6c8064048b867dcc412001ee9c5f48e58
epistrephein/rubies	gemfiles/2024/epistrephein/rubies/Gemfile	730c62db69b058d452dc3e04300206ef04d9cc6e	97bf388fb8bdd7948c974348f54e49a1ffb1eb721203323274e295260c4d1863
epistrephein/rubies	gemfiles/2025/epistrephein/rubies/Gemfile	190337cb2acf984c7956b662ea268da815cd70d2	d0b5cc480028a8cbba59e2776b28c23660e33bd97e43aaebcee45f6eb83a45fa
epistrephein/rubies	gemfiles/2026/epistrephein/rubies/Gemfile	618bf85cf3b29b871d49334909799c636b3c1fb7	6ad087c6dc9774082b24581b9ded326b7044d536c3583f8bc444f78120001fe1
erdmenger/roda-sample-site	gemfiles/2021/erdmenger/roda-sample-site/Gemfile	74cd9a481981ea17aeb621a899bf12994617560f	9cf6a87d7ca16c758b222298b6250dbbe9df3390677e2832687f55b30377f6b6
errbit/errbit	gemfiles/2021/errbit/errbit/Gemfile	e00a3ba40b7107472fdd9f3c51f0efaa5708eaac	e42e0579ebc9a056f26f99b8f1fa0e45389cf6b859070eb0906bc466f74a651a
errbit/errbit	gemfiles/2022/errbit/errbit/Gemfile	4da0ac2e9df7297690d3adf1366ce4258fe83586	b89890ad50d3373d7166886405c708299cdd5c054e4fe9c2ba71fc39e4883757
errbit/errbit	gemfiles/2025/errbit/errbit/Gemfile	6255892763e93e9dba63fc922fd355993995af36	fbf97c6d0c2f2a6c77f21441cd8de8191be928e47cea9b330f09c7499270feee
errbit/errbit	gemfiles/2026/errbit/errbit/Gemfile	7242ba12d9e19c3988a87b69e03b01e37d4d5df3	0691590ae585eb252e46748db4ed6eac87075476b3a073c1e60b288c5aa4bfbe
ethnt/base	gemfiles/2021/ethnt/base/Gemfile	2da24fda9a93f495261f8ecfc4dae3b8fb8b2b9c	21f8aa657ec80353e88fd0f8eea9be560a090c5eabd868b6eba8ba6432a31460
evanphx/benchmark-ips	gemfiles/2021/evanphx/benchmark-ips/Gemfile	ecc3a7d3b50576684073f55ac3f7e8efdd51e204	d74edc1e88e087c532fefd09c750a42c708fe04c2b5fc16d7be5a31c327d7050
evanphx/benchmark-ips	gemfiles/2022/evanphx/benchmark-ips/Gemfile	ea645f694667ff24956ddd14727b024bd4f507a0	7cb716f7c78b3fea172f40925ce53eb720c74aa5587e484b109909f783484013
evanphx/benchmark-ips	gemfiles/2023/evanphx/benchmark-ips/Gemfile	0f68e603df3974839d9046f6f06caa76aae2ce37	7992bbcba3cfe73284a201e11c8aa38e17e9db140817bb376abf885086f99830
excid3/simple_calendar-ajax-example	gemfiles/2021/excid3/simple_calendar-ajax-example/Gemfile	ac8a1dc933d5933608421f8b53a5f5cf756b942f	df1ccc7b9f91183ba12155ce32dceef5b4882e99f03d746dc480dae7b9771e38
expertiza/expertiza	gemfiles/2021/expertiza/expertiza/Gemfile	eecd728cb296a10d37f6a9d425842b14f1fc5c6a	47e18e7b2da7db097cf545096374de647f469172082f2939adde4da881dfde1d
expertiza/expertiza	gemfiles/2022/expertiza/expertiza/Gemfile	85ac4d26de490823850113a7ca23625114b5ebde	a27b18437c48c38e309387c324b5704c198df0c3f5236b870cd25bdf9ea9b805
expertiza/expertiza	gemfiles/2023/expertiza/expertiza/Gemfile	45e841d547c42785866ea2931751fca31d947971	03ae0856998b07d863ab8ac7d39f943d05b25fb37c7b365e9c42caff17c4407d
expertiza/expertiza	gemfiles/2024/expertiza/expertiza/Gemfile	de504d9d92f93779c0ffd1b99d81cde3e95bf88b	a7c1650232c647e9d323a5ff668a7257ba09b7374779c7ef6494672ed35ea66a
fablabjoinville/agenda-saude	gemfiles/2021/fablabjoinville/agenda-saude/Gemfile	3c58dfd2916a3249da7359dc59f6bc467eb25f4e	175778ce6207dce5602f79aee1565157e1d5ba3107e90a476d473ee01bbe3867
fadomire/api-padrino-mongo	gemfiles/2021/fadomire/api-padrino-mongo/Gemfile	ddf8f4493acd497b4cef930388f9c28d717f56fe	7c5b7730a3205be1fac020ee99dcbf54c9e895dbb4578f6f26e493e3e23a9ea2
fae-industries/ffxiv-collect	gemfiles/2021/fae-industries/ffxiv-collect/Gemfile	ad84508d49f6cb4493357017aa78b212f40f420b	d52372f0891f0d63d9af132b86d714370349350936effbac1e4bdd0acb340270
fae-industries/ffxiv-collect	gemfiles/2022/fae-industries/ffxiv-collect/Gemfile	ce0baa3d03f11160cabe66b6c8486d5774be65d1	3895fc21faf8f85af1814ebe96b9e314f8e863291a730a6f9c31923647e63672
fae-industries/ffxiv-collect	gemfiles/2023/fae-industries/ffxiv-collect/Gemfile	7c2499f732743f23fdab590aa9f40aeeeb4c1f1a	626f885669d73c9e705eafff9ab18dc2a232ee0f3a074d2370faadf5c12a6538
fae-industries/ffxiv-collect	gemfiles/2024/fae-industries/ffxiv-collect/Gemfile	866ede9fd473b339bab976d900ced942274e8190	4fa58632f56c4ae19ca56c81c5808ce733328c4e6fda9d32cc53edfde6b2e6df
fae-industries/ffxiv-collect	gemfiles/2025/fae-industries/ffxiv-collect/Gemfile	6e28e003d99be6117e2a58501a2d30b0e55b284e	f46c75dfafe147cac500690abf8716b8afc588a6c129c1e239d42ea87e0fe40b
fae-industries/ffxiv-collect	gemfiles/2026/fae-industries/ffxiv-collect/Gemfile	cdbc906706985ee47ab8ee2e2757048fa7a453c9	a70094e62af89b38b9fc2b51738ac95837315b2a3f69c43a568068aac0983baa
fae-industries/lodestone	gemfiles/2021/fae-industries/lodestone/Gemfile	587b6729f0995b69a2ee74c2610fd56f565a7481	7a4ef3bbe55b4c7e1a7c743edb53082712407c2c5c8a4d3c98ee55926660a4da
fae-industries/lodestone	gemfiles/2022/fae-industries/lodestone/Gemfile	03a5ebd24cca595a5cd86933c54eca2c70691a30	fa69f9487940c60e175d0f06915a016937ae2573ca64401edba615400889d327
fae-industries/lodestone	gemfiles/2023/fae-industries/lodestone/Gemfile	47d1b1137db7b40b1a9ee497b845e77fc9693e12	b071eb68b56342c23c10bf67252b2d6f0fbf79675dd1cfd334fcf383c7c09380
fae-industries/lodestone	gemfiles/2024/fae-industries/lodestone/Gemfile	b989d82baac8b8ac6ed1cc80fd74ed2ee67279d6	9c0f373423adedeb36147030f4229e48cdfd5c4312dbfb7b720f2e627809abcc
fae-industries/lodestone	gemfiles/2025/fae-industries/lodestone/Gemfile	82892b2fae3010a783325d06a4f0e5100acaec14	7ea8132d4cf64be2cd0f377eb7d1aaec2f2c5fc2f6a4a86b25e0b6ed8430be2c
fae-industries/lodestone	gemfiles/2026/fae-industries/lodestone/Gemfile	5db27e1de0b430c5a57b14b28030b6f2185bc54a	41415badecd1002f13290c27c1061639484c0cc97b0f471797c09670c89b23e1
fahseltc/arkhamprint.xyz	gemfiles/2025/fahseltc/arkhamprint.xyz/Gemfile	0cf3341c23f0fff5dac12360ecd4e08b149b21b0	ff02a48902a26b3ad35fdc48efd5c4fc3342d42ea3561faa9dabe999f1e271dc
fahseltc/arkhamprint.xyz	gemfiles/2026/fahseltc/arkhamprint.xyz/Gemfile	41eb7e965dc4d16bf13e9a3c6674c2184a319e2f	2b4f825883998cf1db5e0d9b26ca829d7c05c077bd5d8b8db468c9b6b7e99f55
fakestarbaby/sample-padrino	gemfiles/2021/fakestarbaby/sample-padrino/Gemfile	e5aa970582e8d6edb260168fc6c9bd3863bd1ac9	baba08ec94979b354185e978b18590e8e43abc970e313d782346fa53e393180c
fakiyer/hanami_bookshelf	gemfiles/2021/fakiyer/hanami_bookshelf/Gemfile	ab627f208c661510fd52272901d5b878ca85fb7b	cb5b4d4f3ded3f056b54da90acf6666f3ff964dc45f0df4b17463def938c2dcc
fastlane/ci	gemfiles/2021/fastlane/ci/Gemfile	92d3af7f8ff0f1e8ed6809a97a4b6ef259e4c36f	af71a7d86e4997b91b6f7972acdf0ffef64acd1bc6e6f7a069c63907f4dc0ca6
fastruby/fast-ruby	gemfiles/2021/fastruby/fast-ruby/Gemfile	a196b23101d552f8c4f9c41746d859d0d809604f	ca7c8c55f48249dcb561f775d6b8ebe288502a44f8c9c14948f281c369641a1b
fastruby/fast-ruby	gemfiles/2023/fastruby/fast-ruby/Gemfile	b9abe222f20b7057e3cd765a083d6e0845d6f0dd	bf1a0d8094efa9b01269072c6125066c95cc90a91d24be643fbff51ca56b2aa7
fastruby/fast-ruby	gemfiles/2026/fastruby/fast-ruby/Gemfile	33760f6493d0720eee9e4b1d16fd30f6553ff6fd	978a6da09b6d96caada5b063602df6b3c76d346c95b5226ebd20d16d68f45d8c
fastruby/points	gemfiles/2021/fastruby/points/Gemfile	706beaeb4a31a7f0be195f33229be9450e5a17d0	7accbf44aa363e51a7fc04892a0d3f94be7a2aa5b588eccc48ea470085cf1980
fastruby/points	gemfiles/2022/fastruby/points/Gemfile	c83005c30a1a90cf986d6d5e4aa3343e77d84cc9	487e2cf090cad23229afe9b288577667bfc82da509995edd0843f169211983fa
fastruby/points	gemfiles/2023/fastruby/points/Gemfile	76d3e747d49e92a722a07019f3cc764d95dc7175	33d6fa8c305a1e01b0176212831b8b52ae9f5389a4d4dbaef4a3f604bbaffa58
fastruby/points	gemfiles/2024/fastruby/points/Gemfile	90efa4d8e73e0226ec12a3de5ce8f9bdb3757a11	423a64dc78d5307e1d33418b072dd1ed0b125815f51369a807fa6ac28425c929
fastruby/points	gemfiles/2025/fastruby/points/Gemfile	1d746643ec3ae69956c9cb6cba4b08db888b400c	34bab9fd292b21c7302336423fcffc3b4c2e1360326831c5e0ea92d8918d35ac
fastruby/points	gemfiles/2026/fastruby/points/Gemfile	a6d414b0215a9a8e3010ff184003a26eb3a6f964	13b8250b0599092f2188b7162c2ead37461291ba093745a3ca6981fe91f10e00
fcastellanos/padrino_rabl	gemfiles/2021/fcastellanos/padrino_rabl/Gemfile	47707368ca7f63d403e120892adbfdd1a35bf885	bba4d3fa0f5b9ecfce2d7f2de4c8690105cb798acd1153142b07ad9643fb5c79
feedbin/feedbin	gemfiles/2021/feedbin/feedbin/Gemfile	ab4598746b823fee2205caf814bb42efadc4316b	237930008ac3de318ab26e90b6371ab8fe060276d4acaccbfe2b0430aeb3e331
feedbin/feedbin	gemfiles/2022/feedbin/feedbin/Gemfile	a94d9221586c8ebfcd911e14b4381d60b4c2476f	b6629ca8fbd86e291b9794f89173a27b1d032fbca272d8805e5ffe913cf250a3
feedbin/feedbin	gemfiles/2023/feedbin/feedbin/Gemfile	109af6e9f0dd16c37f726a478b30d20c4c42f315	320eb7efdab1937958bf3a35cdef1ee9d0a6d3e32a1887290355e6aa8daacd06
feedbin/feedbin	gemfiles/2024/feedbin/feedbin/Gemfile	02d5c72923a317986947a62fd0bbc783ec215299	9ee5a637325dd4d9cc32f711b1e98108cb49144d440e018e1a9f5dfe3abce51d
feedbin/feedbin	gemfiles/2025/feedbin/feedbin/Gemfile	02911157804301424ec3b1a17e1a9583c09b9e9b	469fcae4cdf5e38696666570b07c63b49cba41f4325d99bf8f5892ebe963b706
feedbin/feedbin	gemfiles/2026/feedbin/feedbin/Gemfile	15cff0d1bc7c55c68abd692e8847a059985edf74	87104201d5b63542aab62cbfe263791eb98756ee8605843c43b51533306a9f59
felixonmars/dnsmasq-china-list	gemfiles/2022/felixonmars/dnsmasq-china-list/gems.rb	7c84dee1098ff28e5f355adbf6c20649690b5bdf	70c2222e1093f5be868bdd86296f39d63a6979cf5011b9524534af987d8ec39b
ffleming/camelflage	gemfiles/2021/ffleming/camelflage/Gemfile	28f3864d4a05c1ae98800e0bbdbea62da0d77c3e	7456d7c3f6790ca37e9563bb05844da344bab65326280932ca8e9bb12bebdb96
finachium/finachy	gemfiles/2024/finachium/finachy/Gemfile	5d1a2937bb849c5171bf0df94a9a54d67577d62f	80e078ac83918c270f6b4ced33b4f016cb0dad0bace1b940f8fd9fbdc00862e9
finachium/finachy	gemfiles/2025/finachium/finachy/Gemfile	84235bde72b127056b275b4d5bbc7b552c841c68	53e96ac3717b49ee4c83b378a565406b6b69d87c23c9305dce1117dc8457bf0b
finachium/finachy	gemfiles/2026/finachium/finachy/Gemfile	04578907aa2f2ed73bb50df8eaae5b4550517d16	4a47b6db3d38ea5605d991a791d91dab4c6daf4aaf51833afc840cb1da182a50
firewalker06/tycho	gemfiles/2026/firewalker06/tycho/Gemfile	29fba1a596889ce2d6fdfc88b83bdaecd138ae6f	43199ce2a6920480fd3408c3a171a1f38b3ff1a3427742e46940c7bcb3a56dc5
floere/view_models_padrino_test_project	gemfiles/2021/floere/view_models_padrino_test_project/Gemfile	2ada9d638068c39dffed68256b7461bf33b9a091	c21adaea47ad830f38f666071c14ed91aac57cc29865c87d04c4f309ce2c9cf9
forem/forem	gemfiles/2021/forem/forem/Gemfile	9a4edeb0abe6901b7aa9600c3f415e4ec1b69c93	a48f5712df6ba09533e5103fadb6c12adbe968764aa52bf035ca71b6290b867f
forem/forem	gemfiles/2022/forem/forem/Gemfile	790870b4597da76485ff3d38a8f4796015b6a413	e7619f5271e441c20e8807dc8b2a4848eeab8f16ccc20e7df218ef9524b2ed7e
forem/forem	gemfiles/2023/forem/forem/Gemfile	621c666db318e1cdf1c80fe168dfa0f8890eeccc	410367416dee225fb0a61120a3477f797d858c2958fffdeb3fedb47879735a8a
forem/forem	gemfiles/2024/forem/forem/Gemfile	98f4dfa780c6d9351b68b3fa2404460d272da132	288e6fccbb9f19cbf0f8d21e240fcde203a609ae8d4b6762564da7cd639d466b
forem/forem	gemfiles/2025/forem/forem/Gemfile	f7881a7d797d452bebcc10ca228fd9af516d967c	f56f247ff0edf3b6c506db257f28878feeb5ff69b22573776e925c0a39dc494d
forem/forem	gemfiles/2026/forem/forem/Gemfile	ce7970420a1ea797579a52d39a8c37baac9aa50a	14733510906d3ddb6e71527bd31e9f277dcfb5b1059034bdcbf75076f7c52d96
forsbergplustwo/partner-metrics	gemfiles/2021/forsbergplustwo/partner-metrics/Gemfile	1f0d9b28e8e6e76925c7dd05a25c8e7f4357d88b	218e07e6d08a817ebaee10dd37c2ad7d21e30b04e3f5f5c57a6306860dd594cf
forsbergplustwo/partner-metrics	gemfiles/2022/forsbergplustwo/partner-metrics/Gemfile	da8166fff417ef32cc563406cb8c1347dc479a75	24852712163e4c43f64689b5b9a3f8294b4decdccf91a72b7e7adbe1fb8d9b91
forsbergplustwo/partner-metrics	gemfiles/2023/forsbergplustwo/partner-metrics/Gemfile	9d4e802a1c368a8eb4c22deef8990bfb0248c10c	50d59dc36072166b708d156232a038077029d8e74f53f2ae82a842f64b38644c
forsbergplustwo/partner-metrics	gemfiles/2024/forsbergplustwo/partner-metrics/Gemfile	77a8ba7fa11689f5352f18a5f9c85326092b128a	d6ddaf185691157b46cfde170adb27ddf367e79f149cb48491b0969d1f756677
forsbergplustwo/partner-metrics	gemfiles/2026/forsbergplustwo/partner-metrics/Gemfile	bfe1237c2050406330ae3718e82f8ae60abce00c	cd0b72777b1dfc4a670a242a1cbf64f10955a1504ed3f1f0a8bb7a064bae5773
foxweb/hanami1-example	gemfiles/2021/foxweb/hanami1-example/Gemfile	280fc7b024586f36048839eddbe75c31dc25b36d	91171b275864e0f2f2fbc0f064a2a4dde93450eaaead740ac8bbc89dc073d58c
freeCodeCamp/devdocs	gemfiles/2021/freeCodeCamp/devdocs/Gemfile	6ca82ce196bcc5f15ce8f74cfab3fc74c16ccd8a	c89c0d0d61c04bf82384015092bf26f272e3cde633165f9e6b90fb24c8349d6e
freeCodeCamp/devdocs	gemfiles/2022/freeCodeCamp/devdocs/Gemfile	11db3b173cdfa8845cc0c79d2392b261fff6b391	880e910287aa12c7b80ce2a67ba0d8050f2cba895b148f4a0885418360ebd954
freeCodeCamp/devdocs	gemfiles/2023/freeCodeCamp/devdocs/Gemfile	169651c1b75018a872051103c01253adc0a5ae51	87207f2f23aeed54ce078021bd2c8f75eaf77e59f77fde526e3d38a261bc150b
freeCodeCamp/devdocs	gemfiles/2024/freeCodeCamp/devdocs/Gemfile	167b2c44cd6f406e92b0f00f2dc26a49b574039c	9b5365812545adc04d1bc23074fd3fff167fed2e252a77597c92d63db369c15e
freeCodeCamp/devdocs	gemfiles/2025/freeCodeCamp/devdocs/Gemfile	20a05659bdc8278a9a0fb6f036c7d1ad23be7854	582b6b64875462547abbdb5f4d32ebf8774ed139e3a284526a34c515e54fb4a3
freeCodeCamp/devdocs	gemfiles/2026/freeCodeCamp/devdocs/Gemfile	fde566c225d0b6c9464d0db4dc8cc6f413045d73	c465322e7f46c118dc3a024951eb641f450a34abc608161a990c05e37edc1109
freeats/freeats	gemfiles/2024/freeats/freeats/Gemfile	fdec76d4fbc5beef82327c0089ecd7a0a2a59e0c	9e6fcd62a916726b7c359bd1ecb23cedd62ac33da86ed1dfcbc53b86739d39f3
freesteph/peach-melpa.org	gemfiles/2021/freesteph/peach-melpa.org/Gemfile	219acd2d0b14a64e6d03952b9f00466ebe751e0f	370365644061ef0ba6d7450697a8c53ff5c11e57e53788df74cfdbe4b5f8da84
freesteph/peach-melpa.org	gemfiles/2022/freesteph/peach-melpa.org/Gemfile	81e15e8bedd4ef13df7664445ab6cdbdeea43708	9173b952a5e78315de03d10fec4ff6a414e27654c67b6d3bc7c72df14666400e
freshshell/fresh	gemfiles/2021/freshshell/fresh/Gemfile	2e4dc6e70bcc95bde4d37bbce3e34dc19bfebca2	3a07085926a96f47abbfed38b3e4e0ac2d990daaa4ee4bc2dd6c1a794d6c2a09
freshshell/fresh	gemfiles/2023/freshshell/fresh/Gemfile	79ba4b35544feecb8b5272380b1a40cbb1de63d9	a263d49a80c2c0d8e767bc40a5f81fcb1ee0e672779bcb6bb47991bcf727c79e
freshshell/fresh	gemfiles/2025/freshshell/fresh/Gemfile	977057bcba095600f61f0a41cb7d322f9f585531	4865d58616d49607f2b251ff0dfe3fa90f2c654278a7ea7a91e925dc60e4bc39
freshshell/fresh	gemfiles/2026/freshshell/fresh/Gemfile	8f6016e229e22d44864d182edd3cf32f95d996a2	980f5c26d1eafd3a9f7192ee429ef04c86e7cab45e195468a7c4e7bcda6c302f
fs/rails-base-api	gemfiles/2021/fs/rails-base-api/Gemfile	9de41ba17aa1f364497ae9ad000ef7115b1f94b4	4dfe27bd141187be7b18b0bd0b3d65de6a17d7b21a15e5fd18a95da312112322
fs/rails-base-graphql-api	gemfiles/2021/fs/rails-base-graphql-api/Gemfile	a9330a4cb26e08ff82b9f4d4dc9496d260ad8ff5	703ef39e92c143d176d5ac9c0b5ba46682ddd8eba30bd634728f5c3b282fd3a5
fs/rails-base-graphql-api	gemfiles/2022/fs/rails-base-graphql-api/Gemfile	2f986f22dbec37ffa504572037209cf919a69a38	d9ca0101eddacbb738ab77201f9933640a432c2550dc3d874093d5b6d55c49bf
fs/rails-base-graphql-api	gemfiles/2023/fs/rails-base-graphql-api/Gemfile	dc1f74ea2ffdb4f8632ba627dc85df216bc332e3	68adab8a7c600cfcd4b56023d0b609136a15560fce896818af8250b949897a81
futoase/test-padrino-warden	gemfiles/2021/futoase/test-padrino-warden/Gemfile	f91bbcf4a6f6cf5aab7c45434c952ca70b3ae78b	50f315f0645742abce07365236ed74a0dc075aa73b85c0d9b465618c529c6e5c
gdagley/basejumper	gemfiles/2021/gdagley/basejumper/Gemfile	9fc7f9b354f009900882fb0b63954a3bcb98b8a4	998ec01689183e32a348ff68685728d3382db2f23e9b4534505cc372a973644a
geeksforsocialchange/PlaceCal	gemfiles/2021/geeksforsocialchange/PlaceCal/Gemfile	45c8951dce029534607a7342fa3a698440a07ee3	a36613114aaa0960714c243ebe8dd76e85f2a1f2ec9c98e9e68f28e6bbc427bb
geeksforsocialchange/PlaceCal	gemfiles/2022/geeksforsocialchange/PlaceCal/Gemfile	197dce4f5b93dd38419919b51115783d62e6685d	0c04caa2e7b06fe4fbe1e278c862b93821e4ff784167d839f3164df7c7a30619
geeksforsocialchange/PlaceCal	gemfiles/2023/geeksforsocialchange/PlaceCal/Gemfile	2e34b4efebd1e7c6e10c5ea44d5ca813484cee5d	3b91794562d9231924f092eb079b9b1bd3d61620b8ab79be6acc15b02516af8e
geeksforsocialchange/PlaceCal	gemfiles/2024/geeksforsocialchange/PlaceCal/Gemfile	5714314ceca7597c9e0857793444f4c680e41764	9db1720a8966cb976f07b5558b1c2681ab271192f8bdb31c09fcb0d64e3f3d35
geeksforsocialchange/PlaceCal	gemfiles/2025/geeksforsocialchange/PlaceCal/Gemfile	0aeb27a28f341e8d49db928f78b4801a670bf4a1	422b1ea233236acf0cb7f7d37817f90199f2a48f892557edd1a9f185d6db6186
geeksforsocialchange/PlaceCal	gemfiles/2026/geeksforsocialchange/PlaceCal/Gemfile	310aad57a84587014f9de5ada5cb9470204f338f	dba379a194d13454684b25998db9f5bd98cfc099a65e7dc29ce5204856a4c43c
georginapuig/active-seniors	gemfiles/2021/georginapuig/active-seniors/Gemfile	13f84a66ea8eebf37fe6953f705ba5c3b49e6ed0	89c6c434d5463cdbbe0cb20c42409c8a7331e8216a6c0442b8e0c782b2e7e56a
german-zarate/blog-app	gemfiles/2023/german-zarate/blog-app/Gemfile	6ebb2ad5296664762363c583e0d5f56b71e8601c	2a8119f06437a8431c51ca07dbd40c74fb6050d27881661ab0435994820cffd9
gesteves/snarkov	gemfiles/2021/gesteves/snarkov/Gemfile	d47d0e72300337c341c1a8d8c021acc8824c030c	167993b54a40464ed526bd8a2a8e43c1789ccba09f68f54f385f77e2d368c6d5
giovantenne/lastsignal	gemfiles/2026/giovantenne/lastsignal/Gemfile	450c17d821c64f6f0eb8620a1ba944e4e3a14e31	6e0a2dbe8cd09ab2f9c695eb5cc610424251b2a6d0eb23736c87f979de3eb3d0
gisiahq/gisia	gemfiles/2025/gisiahq/gisia/Gemfile	943b7d7737330ffc982bcd170ef9061d4b83e6e6	bc893d1a799e51c27cd1a347924a7eabb1e61fee13a7182fd82fc3635facbfe7
gisiahq/gisia	gemfiles/2026/gisiahq/gisia/Gemfile	2da23a4b84814ebfb40ac01622b25ebd15e90631	f1847f3eec730b785e303b05084c4ed62bcdc510d07b9bcf959266eeff03c78c
github-education-resources/classroom	gemfiles/2021/github-education-resources/classroom/Gemfile	a824a057b939c0bbbbad2a9258aa700baef80ef1	400401f26ddd266845373e0330c51cf0e81c97085fc3c5e16501c89eb4bafa68
github/explore	gemfiles/2021/github/explore/Gemfile	d0ba7ccbaf607217588d5c38087cf9f00d5561a3	b38591e9a91c32b8915fa9c836e405d0840762ad19f8318c9f8ffc1710d0d021
github/explore	gemfiles/2022/github/explore/Gemfile	d0c2d436e38d071e1abca961c790ee456175cb7b	c73008cb1fc5ceec95ee18e24eccf3ba79ee99756a8ec4a49f094afb3282f5d7
github/explore	gemfiles/2024/github/explore/Gemfile	c2831a19ef11b04e6d827eea70de0ee2daa51ca8	2ee7daca20f5da49ce551ce3a5f2e82fbaa25c2875fad6572b762efd8a4b6c0a
github/explore	gemfiles/2025/github/explore/Gemfile	710a4f16983d8fb4ae14102637f31994de7b98e4	e53879d565cf01b575a7b847088e798fed700cbcb149a2ca805b709820640f8d
github/explore	gemfiles/2026/github/explore/Gemfile	c8d7bc516928a4f17845b767884a80cc53affd57	a866b7ed0f3626e0a27abecd9f3b0ef307a369039e03d0cfa6d6457d930e837b
gitlabhq/gitlabhq	gemfiles/2021/gitlabhq/gitlabhq/Gemfile	81617e0e06a264b0991b14c465376e6351f63dcd	c76ea87072fc6d4c6053cd9cc4fdfd968010b67fe119a02d713e91b8da9b25dc
gitlabhq/gitlabhq	gemfiles/2022/gitlabhq/gitlabhq/Gemfile	2b5bd61ab9de9b203ff42f23051770585805d5e3	d482cc196e870370eab643559e7822bf33e47ddbfae0b6842004e7bff97cc56b
gitlabhq/gitlabhq	gemfiles/2023/gitlabhq/gitlabhq/Gemfile	fd65af9f394322fed63068f4a610320286e6e242	98b4d03c8488b6272b5ec735878a45a8fb6db10c9139da8b61321802ed912237
gitlabhq/gitlabhq	gemfiles/2024/gitlabhq/gitlabhq/Gemfile	872a7f12dd9c58808742d66708afcfe1242fd525	5f3c9cf6f63fc255773d6a88ebe1c5ecdf4d517126ed84afe44e64686b7f50d2
gitlabhq/gitlabhq	gemfiles/2025/gitlabhq/gitlabhq/Gemfile	e4e62f68afb90dc5bf3e6c39460766273eadb36e	8d8f1c291055e7998b8a1ff37fec8f0564f57c192fe8ae90fbe03239524a2929
gitlabhq/gitlabhq	gemfiles/2026/gitlabhq/gitlabhq/Gemfile	af5ac77bfdf6bd2c3f41e4c3b5d6e2cea914ac63	eace6c3d1e03660d4b189cfe3fb58109e56043852ea810d69b7ca3cf7da31589
gojek/kingsly	gemfiles/2021/gojek/kingsly/Gemfile	116e447e730026b642caedd874b82e48930e9252	884643fa9b6bf0287cf77d54e79c3117a7b9a7611dc2e57f7815d42342e70792
greasyfork-org/greasyfork	gemfiles/2021/greasyfork-org/greasyfork/Gemfile	4c425ec3551aa4a4e3361aa3c2e6e7b526a13571	9cd2b7ce3c726115ebf6331a90c8c6004c1acf2c37996981c8ef326a41a35aae
greasyfork-org/greasyfork	gemfiles/2022/greasyfork-org/greasyfork/Gemfile	7b215e5b7a69654dcd795173e72bac4f0c8bc8ee	76ce991fbf6976d5538ca893902764e35dd6dfaf0753499c7c3037d745a3899b
greasyfork-org/greasyfork	gemfiles/2023/greasyfork-org/greasyfork/Gemfile	ac683598b7b24aec97b7c826cec2a273083998b9	f52c9a93218931ed6a505924ec963e2523e51cdccb73520fb34c10e82d104140
greasyfork-org/greasyfork	gemfiles/2024/greasyfork-org/greasyfork/Gemfile	2f4f1963a6b8704ea0f53f2aeb9259d3966fd7cf	40a3a42291830bfe0aff9e304fb106c31414e4d833c5707afb231c7602464aac
greasyfork-org/greasyfork	gemfiles/2025/greasyfork-org/greasyfork/Gemfile	705f5ce5b53ba72c861888cf661937bc39e3d631	72e9824bbfd48cec27ae7e080386e62fad4e26386095dbca8137aff1af6a88a5
greasyfork-org/greasyfork	gemfiles/2026/greasyfork-org/greasyfork/Gemfile	760a0526b940d44e8c2dd1d10931f77195ead7d3	f078658b006e0e8fee0ad45588e3d960b30bb5a28728cd9312632862a8fb9fc3
grilix/ruby-api	gemfiles/2022/grilix/ruby-api/Gemfile	b3416e1cb96286fa2e49bbe4cc1b6cc06055ae19	82f30cdaf8db2ed2db11bc505ae4d99bba9ad245b5ebd090df3b2dcf8735dfed
grilix/ruby-api	gemfiles/2023/grilix/ruby-api/Gemfile	6b82b89e5ff075cc8aed08f46d286e735e0fd124	1a5ac10351303b3ea7bf0b097faf7b1c206ece732d5eb3264bbde434cc43ac9d
grilix/ruby-api	gemfiles/2024/grilix/ruby-api/Gemfile	1e72af0acdf024ac9fd9224f15719af4a38d7e87	1524b3f8c6d399c4716d2f6b96802cc7f0f68562ab35725ec1ad3d463499b606
grosser/smusher	gemfiles/2021/grosser/smusher/Gemfile	58a7221559e755dafe8ce7e8f53d817950437e62	efc4e322f687125e3228ec41ab1e4713e26d679fec52ba8b70c289f20cd24919
groundberry/todo-list	gemfiles/2021/groundberry/todo-list/Gemfile	f38e7cd613a25f5d557e98e812844ed197bcf5b1	40b7118828beeec27389a5d6d2be64bdfa0472280e4e3bcf79e1da8d66864a34
grovs-io/backend	gemfiles/2026/grovs-io/backend/Gemfile	7ae2cd02fb65fb56cd937299340c7b5f5d172f89	7380031755e9138f43b4a0a6e4f4a988b0367b4bf7374d794f44a6c95158b759
guipdutra/awesome-geek-podcasts	gemfiles/2021/guipdutra/awesome-geek-podcasts/Gemfile	621985e155aec2a51d975911bdb3c06fdc769d0a	52750f8359ac60d37a53b91dcb4dd4f5cdce9da581dd20a82ccb818fea07e4ad
hackclub/flavortown	gemfiles/2025/hackclub/flavortown/Gemfile	9d605e5af28f034256c5a2b47a68415450d97c98	6522263e914a15017777d13f4ba5b8f5b0e4429077e59e756cd3986c7c07d365
hackclub/flavortown	gemfiles/2026/hackclub/flavortown/Gemfile	f58d1ea124309e61cd867a2217f8b466f67fd1cb	3ca28869c7e0861c3b130491255a218ebba75d9d669c84b0c9549a9ba8095f5a
hacklabto/HackTouchUI	gemfiles/2021/hacklabto/HackTouchUI/Gemfile	b4398f82331c2eed96a40a1e799abd4ae1924757	08e31068188c71fb57254f5740fb20762c70e28f7e4059fac2fd5001f0161356
hangingman/hanami_jruby_rest	gemfiles/2021/hangingman/hanami_jruby_rest/Gemfile	e67ece0a257068696a247d248fb2853b8aecd63a	44970699f83ba0b68dff88ae43349c7f78e2f90dd8fa8b36fbaf5518e6884797
hangingman/vue_hanami_test	gemfiles/2021/hangingman/vue_hanami_test/Gemfile	06db4410fe35d348dc22586edfc5a433a6b99f12	c1354bd77b6c8718eec958a378ebb957fab27800c945b8a1e3f43f633292c133
hannahherbig/nope	gemfiles/2021/hannahherbig/nope/Gemfile	dcc2d207f92404457443235c6423074fe95f02ba	d30ce0f1a8e23d6a203b71c8423112c1b47e56de97a6e6cbff053cae4e23a31a
havenweb/haven	gemfiles/2021/havenweb/haven/Gemfile	ccf2653bae0cf0f8e2a461152cade55af95f0584	1fd65842472871edcb6770aacfd103fd5a4c34407460dfb9cdfa17e2e7cd0a9d
havenweb/haven	gemfiles/2022/havenweb/haven/Gemfile	5d159440ebfda99c143cdd04152aa788009ba4ca	dd4cf3cb659f13355df4a9601b08a66eda354f37bf777ec8181a4c0cf8359594
havenweb/haven	gemfiles/2023/havenweb/haven/Gemfile	5b12542b2bcd6798a18eb2ec6de77035d5a5a98e	3158e53835c43318f34b4cbeba397b73b53f18928a9ad35be109a17f307075a4
havenweb/haven	gemfiles/2024/havenweb/haven/Gemfile	fecb0c67a5d3b91367d99235a7c34a9047f33387	37df3b650033f8c1272694ddd758118b9931480d83fd965be298f0d31812c5af
havenweb/haven	gemfiles/2025/havenweb/haven/Gemfile	54afa38549ef6d59c88a310e728f4fdb7f1112e2	a8dc3ae945b5cfdecff682bdb5b12b277496762bc3ee58a3de9f056406383e84
havenweb/haven	gemfiles/2026/havenweb/haven/Gemfile	8857d1ac1ecfd7cfafb822ce69176ed68da70b27	3500843b66e30f0bf2c67095479de2442c3fe44021176c3859fdcd64ca84c912
hickkick/dumpling	gemfiles/2025/hickkick/dumpling/Gemfile	ec381de5590b9a0f00dba9a3e4d50761728e2edf	75a2f2ecb703ba0e7d5e0ab9fd2b59a1af3603fd1ab27f61b97826ad6fe4589d
hkrdrm/servieSales	gemfiles/2021/hkrdrm/servieSales/Gemfile	359fa3b094f3e6e9be857147fb16f4714dfefc24	506cf18b07a02a06915684afb79ece77cac0a9b51d78edd26b45608f2c2dfde3
hoangtularva/SamuraiCRM	gemfiles/2021/hoangtularva/SamuraiCRM/Gemfile	a46605a34154e6d6bdd1657d4daeff3d49d6c472	64da2cb22763ae99ae5831253fbea37d9936712a437ecd8b7af46da90d282890
hoangtularva/SamuraiCRM	gemfiles/2022/hoangtularva/SamuraiCRM/Gemfile	bfe397f81a03913fc1233a964244b4a545ad825a	84a1479e8e209b73e0e5fa9aafbfc1ac820144978fd45345652ece2cc9b03759
hoangtularva/room-chat-with-web-sockets	gemfiles/2021/hoangtularva/room-chat-with-web-sockets/Gemfile	45f521642dcd68657fa72b567b80a16874be7372	790f972bf3d5e56d7927c13fc9b93dded05c8ad5ff4e073bbf76bb59450fb29d
hogesuke/ika-shot	gemfiles/2021/hogesuke/ika-shot/Gemfile	9bd47daa0eaa1c8cad246a0b58de479906d5b1bd	5895b16e60a9e22ae9180b641225fd19eb1e2ac8ab8ddf96478d040f0433bb93
hopsoft/chatter	gemfiles/2021/hopsoft/chatter/Gemfile	aa2dc421d6c5e40f95711471fad7871a10132fee	c064727791e5685e981a947d05c14ba9ecdc2cd95fd99aa2a9d148137be09dc6
hopsoft/stimulus_reflex_expo	gemfiles/2021/hopsoft/stimulus_reflex_expo/Gemfile	dcce8c36a6782d1e7f57f0e2766a3f6fd770b3b1	b67b03ed61bb972784208ac862057fe22e7b002e651418f33852da286cf0756e
hopsoft/stimulus_reflex_todomvc	gemfiles/2021/hopsoft/stimulus_reflex_todomvc/Gemfile	e6f2897b44ae72cd4453d184a589dfb599553817	705e187ff4be0053a320a20f3c62116062e4cc00cb4b14dd94a4c596026b9202
hostolab/covidliste	gemfiles/2021/hostolab/covidliste/Gemfile	cfad12c33b87c796b9410c9414d72f78ee4b3bef	bd1e67cfe43bf210a0391bb315fad3473f7502d77c97ce14bf5155b976842b74
houdiniproject/houdini	gemfiles/2021/houdiniproject/houdini/Gemfile	3d0ffe4aa1499a3777636bbaa472faf5bb9bcc1e	8c86909b71dc578a68e4a11d366da9483e05318231bfd96dde6a52eaf2731312
houdiniproject/houdini	gemfiles/2022/houdiniproject/houdini/Gemfile	18829adb2941b671f601fac9faa1b5839b1b370f	e133b357060c9e97d43ed2a3a2a03eb4a5780c71a5881937466cefff03785d26
houdiniproject/houdini	gemfiles/2023/houdiniproject/houdini/Gemfile	6af457d1db5a7eee179751b4e0d14b7c85f82a7c	8abcfdb9acf439b3212aae83fb5ee70687f2ca7d9115fa2a683fd0b15aab21f6
houdiniproject/houdini	gemfiles/2024/houdiniproject/houdini/Gemfile	7771d504c5860c9401c1488198476a1c90f3b162	76c63e532bd873bf3ce4a3d3e4eb0dcfc74b8f910494c4f13102d7165469d66a
houdiniproject/houdini	gemfiles/2025/houdiniproject/houdini/Gemfile	fb30de5d6702585f100a053d87faf409781d8f72	2d22bb9b8e2366d8b0aa8076cb541ac203ebad787c617e143999161cee943f3c
hpyhacking/peatio	gemfiles/2021/hpyhacking/peatio/Gemfile	6fe7e960a12c40053370cb25cdd0968b67041aa0	ff34f748cd796fdcc3113f5bd8aca17762b832dd09120646f8f048cb32fd4cd6
html2rss/html2rss-web	gemfiles/2021/html2rss/html2rss-web/Gemfile	935abd6a3cc72d841c9ccef66b1e010dd0dd0fcc	f6d1a181c10f88ff60c21faa6ca3e64910ca91c6a956826bc339d6b1c0a664b6
html2rss/html2rss-web	gemfiles/2022/html2rss/html2rss-web/Gemfile	7f623b424afb5fe1696831b87b2f7b4b72360f9a	e4a1f5871fdd0e35970d6b7587a5e8f62bf3ce0468f3f78f5b7c73a737b52743
html2rss/html2rss-web	gemfiles/2024/html2rss/html2rss-web/Gemfile	e7c997265cd446e472f284de70d76a4826006d26	08f28362a00e14f783e7d0720bd4767582fa8bf30b3de5d0d8cfb38f2495802c
html2rss/html2rss-web	gemfiles/2025/html2rss/html2rss-web/Gemfile	8a275c05a22e7272e6348fd05017cc0f899229a4	efe7fdce4e9b976267cc47fd41bdb998b50054685005cdec2dd7b9db29b8c632
html2rss/html2rss-web	gemfiles/2026/html2rss/html2rss-web/Gemfile	ebc6d5f3dea4d5012c0f3b22ef313575fddce1e6	782e98b23e207864045971975f1901f9d1e5a598fd31fe26678cb0724e2ac373
huginn/huginn	gemfiles/2021/huginn/huginn/Gemfile	b06cf4e0dc450af7b0e3f16abfc166dbc0802b7c	b6c7963fb75f95cacd77b6b7925f4f23d900738050d2ce7aea981e9277fda042
huginn/huginn	gemfiles/2022/huginn/huginn/Gemfile	d72301b44f2fe44830dd71f754c16725ae9eff6e	e2c3adbd8d57a97cb67100547819c3e19c03ec41d8c3c06646cd4d844d8364a7
huginn/huginn	gemfiles/2023/huginn/huginn/Gemfile	8dd0dee0ed83f2e492dc655c1d9ed649e6d8ed7d	4869223b573a876b42beefe2a69462a27c993ff64f347d9ddc747f738adfa310
huginn/huginn	gemfiles/2024/huginn/huginn/Gemfile	3ecf8a7f0c4bb39976724e1b021a807da51d971e	b3b647b92fb1f17291aff8f6ac5bc81a8b7df8f3450ad651ca9bca59776867ed
huginn/huginn	gemfiles/2025/huginn/huginn/Gemfile	8edec55aab03d4e3f13b205db02d21dc36e34e4f	7f3f4bc77b0e65bc3caad800dc351e4fdf0f61a918550511041fd5cbfc562353
huginn/huginn	gemfiles/2026/huginn/huginn/Gemfile	0c8f766c07e915d6c978599471809b782e23f86e	f5bea1c01bd60edb0c6663595b92c25071101228c2da49949158ad6b29a63f41
hugodias/railStrap	gemfiles/2021/hugodias/railStrap/Gemfile	604f64725139bee8a2b371dd63cb9394ebd37dec	ebe56c74892540871dc45f15d62780bce83e2c153d773d770f0bb473f0d8efd0
humadroid-io/ideabug	gemfiles/2024/humadroid-io/ideabug/Gemfile	c5169d4b812bbac2da1f32d81fa8f425976f199f	3f7f88460344c6c13014a364e29900b8807d871f8289d4d81520b87cf3a625f1
humadroid-io/ideabug	gemfiles/2025/humadroid-io/ideabug/Gemfile	efc0e40dca84426f183ad4159d970467b02c5fa4	9473c44c681194c5dc0a673edc7c6406493431549825caeaf72ec9c6e9f3e295
humadroid-io/ideabug	gemfiles/2026/humadroid-io/ideabug/Gemfile	5b344f064a44097236b76eb5d8f72f7a3fa67bb2	15cf864da4c7289751a395828cb571b54059802712682f01a53e32734f479ce3
ianadiwibowo/bookshelf	gemfiles/2021/ianadiwibowo/bookshelf/Gemfile	f55d2aa257878836096e86aae09bd8fcca7b074c	2ca7e848283532fa3d64ac248d6a966f473e33f3f2ed7d8e118d249d9521832d
ieasybooks/aljam3-web-app	gemfiles/2025/ieasybooks/aljam3-web-app/Gemfile	be4bb9f39ad926d1f36a1f5d974df38193586b39	6225266fe1a86cfeab75bc43f613418c398c8e27ecb6682f7c8c3f63d23de018
ieasybooks/aljam3-web-app	gemfiles/2026/ieasybooks/aljam3-web-app/Gemfile	9d60be266a390db9726d946ad22105ee8cd34695	72c65a4ce2e7f1ea50d3db3ae14d7793f28b65206863076fdbfc1e3293ef8d01
ifmeorg/ifme	gemfiles/2021/ifmeorg/ifme/Gemfile	f474600db89b1cc171623106ce9061a16350a99e	e4af393ae771f285070cf0e5c58931e66de092a22b9558c71807ae2b84223cd1
ifmeorg/ifme	gemfiles/2022/ifmeorg/ifme/Gemfile	39f213c7144c7d45d143c65f013a6ef1f89a3ae0	62606cdc9db472404b12bf0b882ec2e307f7dba4d706fecb1a586adbf73f2eb3
ifmeorg/ifme	gemfiles/2023/ifmeorg/ifme/Gemfile	637ac4d889c83fb6987197138032e7e7bc28ab29	b75655a0aa208511da389b837c4df7d27c2e81c51365bc5274293f5f420f1ba5
ifmeorg/ifme	gemfiles/2024/ifmeorg/ifme/Gemfile	3034e96225f095a01dfdcd3ab961aef960ff614e	13def0dc8692efbccf585c368c2c9999f90fac5deb6ac7daf983ffad09ecbc70
ifmeorg/ifme	gemfiles/2025/ifmeorg/ifme/Gemfile	89486b7afdd1468eb4f514b2d7e991090a166624	32e3793a0ebfbf24aead5258e1e519dd23bdf61d24fcc741ea26ea6aa020c046
ifmeorg/ifme	gemfiles/2026/ifmeorg/ifme/Gemfile	7c1ceec0fa19a1197bd0b64f8fec9415aed65228	9d66f8235f75915c1cf3bb558b94833729c0ace3ed0105c239e69e5d4167172f
iknowjason/hammer	gemfiles/2021/iknowjason/hammer/Gemfile	16f599992f8e53cd4a93ffb74fe85534e2cfdc88	ec0fc98096e29f6371f9fffc279e5b342b36c6966444ca364d1127fbaa733b77
iknowjason/hammer	gemfiles/2022/iknowjason/hammer/Gemfile	c2bb69ba27899e4895bed63483f90f690dbd0c17	b39b93c3587cb6bb7c8e396d7a3695450ea9541d2e6e779ae2e5f73fca40763a
imathis/octopress	gemfiles/2021/imathis/octopress/Gemfile	5717a50f4e4964ea8423997d6456b04c653f0348	f937d28ee073298708d48552fcac07e3b99021e7722f0ee1744f8726a04a0848
infrablocks/terraform-aws-ecs-cluster	gemfiles/2021/infrablocks/terraform-aws-ecs-cluster/Gemfile	05ca4bebddd2632323d80156bc692aca3ce55dfb	119ed572f5c5cfc7e734a194187adbf8e88ea4029698fa802c9c4e394e938ad1
infrablocks/terraform-aws-ecs-cluster	gemfiles/2022/infrablocks/terraform-aws-ecs-cluster/Gemfile	619bdc53b77e962f88d8283e98748e4e08c64e29	046b40fe736aee18d58d2905fe2f40e127cdd2121c0e9e59f5a99e7f3e65e76a
infrablocks/terraform-aws-ecs-cluster	gemfiles/2023/infrablocks/terraform-aws-ecs-cluster/Gemfile	01187de1764a3a2ceec45cc8e59870860f7306af	5fa9b175d72e1284a530ae4b1d12dfdc7029372a842afdc61b3a7931775ff2e5
infrablocks/terraform-aws-organization	gemfiles/2021/infrablocks/terraform-aws-organization/Gemfile	0cbe88a264fb65f8bb99066fc13c56118d92a995	bfa14f89b1ad85fb3b07d991ed189024cebf2ccca78e69c6bb8360096d3c0a9b
infrablocks/terraform-aws-organization	gemfiles/2022/infrablocks/terraform-aws-organization/Gemfile	d5b4024614f9ebcf2f7bc61b7163551a877daf15	046b40fe736aee18d58d2905fe2f40e127cdd2121c0e9e59f5a99e7f3e65e76a
infrablocks/terraform-aws-organization	gemfiles/2023/infrablocks/terraform-aws-organization/Gemfile	cde4f5349da7020c258eab36e4a6f754de94b061	5fa9b175d72e1284a530ae4b1d12dfdc7029372a842afdc61b3a7931775ff2e5
infrablocks/terraform-aws-organization	gemfiles/2026/infrablocks/terraform-aws-organization/Gemfile	22181e6ce27a351151c52c5f90e4ac962819633c	c6a764ade613bdb69bf94bc1a5f73ce57785ae76cc486881b47011850ce34897
inket/update_xcode_plugins	gemfiles/2021/inket/update_xcode_plugins/Gemfile	387f2518941b33dec2fe43c5b4060229930a0e1c	0d0dfeb8b0138873e57295aa1232eeede5ca671f31851235f991bd7da811fe6b
inspec/inspec	gemfiles/2021/inspec/inspec/Gemfile	4b9692c6fd40607bc3541766f592f0a8004752f7	0f218ccf49873015cf0f536f996f5565b4085e73ec7e9c84e7c42370e404db7c
inspec/inspec	gemfiles/2022/inspec/inspec/Gemfile	20f8d3b67f62fd249174092d381e94181b85b573	6d984d1ca358f83fa57edc8b4d64dbf349da5796f2621062f32751609ad29114
inspec/inspec	gemfiles/2023/inspec/inspec/Gemfile	bf44ce19f22af7e2df20ade8bfbfa6bf03c4eeb2	ecdf74de83266f3a9e459bc595315db3b8f84cd200836932475e8954ef2b76f7
inspec/inspec	gemfiles/2024/inspec/inspec/Gemfile	0da15c28d151a6936abeb816bd074758d04f88dd	2f819d15ccb1fbf3f2d611d8c5bcb3e0be721d995343359ef637da3e8b8e5be2
inspec/inspec	gemfiles/2026/inspec/inspec/Gemfile	16580417805cf1781907ad924d1f7270bfe86578	874ddde532db77bde720ed85e9de4230c7b5839c7857c9a6ba4e6c44c2b574c5
inspec/inspec-azure	gemfiles/2021/inspec/inspec-azure/Gemfile	0533ab66de6323dba9f42556b204253b26ccb716	db45ad432707f023c9ee81370eba2934e8678665f4b293f3802a54885224de0a
inspec/inspec-azure	gemfiles/2022/inspec/inspec-azure/Gemfile	3e288ca93a73cf7c795e54d870f9b0d7ee16b421	07e04c49f879f870eecc77fac9cedb3c33faa3714be4c1e941538f6ed6a9516a
inspec/inspec-azure	gemfiles/2025/inspec/inspec-azure/Gemfile	2ac1e384dec0fb2e7a9a012a1f4ddaedb1246821	08bda3554a38d7b65a5e377d419ec24ea602c61000a2e6e96798b5e180fda67f
iridakos/duckrails	gemfiles/2021/iridakos/duckrails/Gemfile	20af6e1db4218fe9ce6f405f493e8901401d88d5	ca215dc605b65b5a81199a696de97e204a4b4aca2094a51a7dddc3af4a83956b
iron-io/iron_worker_rails_example	gemfiles/2021/iron-io/iron_worker_rails_example/Gemfile	790f61759689bb36c30d6830341651ef743c473a	c45dd7c4a6596629b3d0e7db594515c871bafdb386866e9b7313c12c15a17704
isuke/bluetrain	gemfiles/2021/isuke/bluetrain/Gemfile	a339ac0a685a9d3653659d41bf0efe8ec43e091c	6ea40513d50fa455aa5a4c2779a0586a6f2648e95458ae6783f918644a16f58d
isuke/bluetrain-prot	gemfiles/2021/isuke/bluetrain-prot/Gemfile	b178b5d977cdad2a81e4b4dd81bbf3f657ab1e12	bde0abb34d1cde659ec2f807b0f1d3bda1c581c9b77e4ebb8f25d449ab92a287
ivaldi/brimir	gemfiles/2021/ivaldi/brimir/Gemfile	35ead7a12471c8f1d1881c7c5ebdb00587198691	81bd7b4dcb81f47f5d87e10398ee323d6fc82bf50fcfc0957b9d6011fd5fc85c
iwasrobbed/Brevidy	gemfiles/2021/iwasrobbed/Brevidy/Gemfile	3963d6f1a9f81d496e71846f30d9c56f021cc432	099933150723ef1afc8c640928213f4e5575c9a36dc2eee6e4739599f32f5fd0
janko/hanami-rodauth-example	gemfiles/2022/janko/hanami-rodauth-example/Gemfile	cfd3225ad323afeed2ded888d2a00174ec540841	c85e686b6ba90aef5102e3d1227e6a0b73abde4b30e38eb0413167fbe2b06a92
jasnow/Practice-Git-with-Rails	gemfiles/2021/jasnow/Practice-Git-with-Rails/Gemfile	40b0be60d9d3ef6b9f5009a1b281ed1ec74b907c	7b5e10ec9fbf5904bbb2caaba289dce7ce623718f79bc201af26622275ba3c57
jasnow/Practice-Git-with-Rails	gemfiles/2022/jasnow/Practice-Git-with-Rails/Gemfile	fed7253006c771a893b30ad5329e183297f2bcb0	805a9fef02cf48051e1acf16ef5db3c958ac88976bcd24f125dcb2af96b66c09
jasnow/Practice-Git-with-Rails	gemfiles/2023/jasnow/Practice-Git-with-Rails/Gemfile	1a638600dc0709a5515f1a1b2d862e0c4881b06a	ced86da92701f61ca0e9c9ea42068bc61ab226f2d68387fc1864c60bd9d9887c
jasnow/Practice-Git-with-Rails	gemfiles/2026/jasnow/Practice-Git-with-Rails/Gemfile	100c92023b5f215bb7352a79772622ef143753d8	9eb3825c50c8c40ed998a2922b9950b247e80527da7ff17d63a7497d29d5013b
javitocor/Social-media-App	gemfiles/2021/javitocor/Social-media-App/Gemfile	bbf84444531816a0faf1f614e8106fbe5ce5b816	8e00d7969577c33f2f96091fec5286657e8501bc842e9cf25a0718c8f478d531
jdleesmiller/wedding	gemfiles/2021/jdleesmiller/wedding/Gemfile	730cc9d95a98243da405de5dac20262fb7f0636e	5ae06c28d2c14b548f68a7c93606c57b90dcfbd509370051664a3d4cfa5ed7ef
jeffreybasurto/emtpy_padrino	gemfiles/2021/jeffreybasurto/emtpy_padrino/Gemfile	e57772dd65d22f485d304470af404b686886f356	f28bb708f4bef7a170d155c1f824ca901410eeda275439359a05e7354f87f1ea
jenkins-infra/jenkins-infra	gemfiles/2021/jenkins-infra/jenkins-infra/Gemfile	1d49f77ae463505c470d7c497c9990159454e39c	081b2d23333d06a39d4e55828119f8eb1cf20e47d84469ae193757e916bf6a23
jenkins-infra/jenkins-infra	gemfiles/2022/jenkins-infra/jenkins-infra/Gemfile	169070459786699a5837ed571842723eb0f80fa9	1e81a4f0d7b04776bdbe43b2abd76e010d7f8da9aab65385938738ead717b75c
jhund/filterrific	gemfiles/2021/jhund/filterrific/Gemfile	4cad74076b837329901a19c83f2458d7ca3b7b80	9b35b2284b7d667ec7d27fb441efb66e2a97d6096186e5d156e7adb5500e7398
jhund/filterrific	gemfiles/2022/jhund/filterrific/Gemfile	bb39184a7ab399300cf00c3d1a2c2eb16e020485	14c9bfa237e7fb1bb276f6ba98e571be7b0a52a74e89b1254260c332e01e2ee5
jhund/filterrific	gemfiles/2023/jhund/filterrific/Gemfile	f38d7e393ea15d8ddeb416db9e666bb35f7fba2e	e93d5dd5729c32c686447d94d3785241bbd56a9a79c50f8d35de9cf9cb5fdc58
jhund/filterrific	gemfiles/2025/jhund/filterrific/Gemfile	366faf07b198c80ff9c367cea03c4b5611a63318	aa0cc1f042d509362da68e31891058e58bb7f537b4f2521e76c3393e8ecbca4b
jiggneshhgohel/startup_template	gemfiles/2023/jiggneshhgohel/startup_template/Gemfile	fce8ff5e6a451b3e3869da4b3cebf1990b4e0a07	ce3ebdecefc1da8094e006baac543db9b07986c33542becbc22d4abc929b04ed
jobertabma/vulnerable	gemfiles/2021/jobertabma/vulnerable/Gemfile	a3a7527ffff2df37a5e4ffe61c2fe9e0db5c8eed	0a5e6ea17ae06ba4bbabbd12819cb576fff235b1afbd4b67d3d52923b3971f35
jodosha/cabin	gemfiles/2021/jodosha/cabin/Gemfile	2b85b0a1c4ad4b1559259bab05c1df2c01fdcc59	c54d64105809fdd9e9e938669eeb17fdd21125c096d2a445b8e64de8c0ee7b2d
jodosha/collaborators	gemfiles/2021/jodosha/collaborators/Gemfile	d54f9fd0c273f2bb66722a3cb6a23c5cdf32ea0e	5d8e290d0b481ad055defa5b8eabccd488f8accdb2a51a567ab9bad9411ab987
jodosha/hall_of_fame	gemfiles/2021/jodosha/hall_of_fame/Gemfile	132831d475290ae1ab95114ac2733fb401146d01	34562523cc973fbe307365ed65b1afc34a12bf8b40c87d14cd2c7d526baab1f4
jodosha/hanami-api-example	gemfiles/2021/jodosha/hanami-api-example/Gemfile	f9a14200363cd3ffac09adf42f4c2212fa83965a	c7a268ccc441f4cffdde69d05403c3e430d72d757d0ba7e361ab38f92edbe87b
jodosha/orders	gemfiles/2021/jodosha/orders/Gemfile	418a742de3aa8026d9d5dd1487d6e372c1cced6e	25de9352b253f34a559b04e64d759b2288410a17daba4b1a8510b69c00d42f3b
jodosha/soundeck	gemfiles/2021/jodosha/soundeck/Gemfile	8a7b22be4a3518d1736fdd984b0538de62a2fcbc	16a3c7f322470e468d7abb910ad17d7654390044ecb7f3d7c9b822745062e728
jodosha/store	gemfiles/2021/jodosha/store/Gemfile	fa14cbc5ecc2fd23845f6a48facf18559fd95e9c	953c55560b37fb9823cd5fd8aac882401b85eb53512c33e63cdd7b1c03306832
joshmfrankel/cadis	gemfiles/2021/joshmfrankel/cadis/Gemfile	ac6ace4fd4208c50bba8c1adab7561f91984e7dc	6ea5990469b649c77791460cf5ca1cb73a0aa1fbef069973ee1ce89751a7c102
joshuamcginnis/jpl-space-calendar	gemfiles/2021/joshuamcginnis/jpl-space-calendar/Gemfile	87846b666e0d7c438ba4bf539cda26bc6b826f28	2569510f942562b09d784e5b4eaff626a0afa4ee59a60ef990cf5e4196c323a6
joshuamcginnis/jpl-space-calendar	gemfiles/2022/joshuamcginnis/jpl-space-calendar/Gemfile	487cbba3d385bd78a9c5796b6eb866a1e6c8e1db	be014d71488515f1efd297c7b490d52f776c74d79debe13d352490e796e321e9
joyofrails/joyofrails.com	gemfiles/2023/joyofrails/joyofrails.com/Gemfile	face36096fa304b0ac76316dba9ba3e35df5f831	2afbd6200dd6546930a98b4ec94f6b6aa0e891d8ae4c0eb70fe9d9a22682a179
joyofrails/joyofrails.com	gemfiles/2024/joyofrails/joyofrails.com/Gemfile	9843d7c21cd8ea2f996d66e41bb3bc245a27ea9c	2d69189838cc4599f56553702e71e2dcb670c041526ac869867492d1468dba0d
joyofrails/joyofrails.com	gemfiles/2025/joyofrails/joyofrails.com/Gemfile	4a578b06378075003ae11008c4b448f8930f731b	0bb7561a52aa7bcb62062f8ccc9e031b4f8057a3c077d8a8352fb541fa8caca2
joyofrails/joyofrails.com	gemfiles/2026/joyofrails/joyofrails.com/Gemfile	e31092279e83e09b88f73e5b1157f8b3aee1fc5f	49c59744be4d9e6d77505f15472d08732280c5684a4f36a9aca841560f8ff1df
jruby/jruby	gemfiles/2021/jruby/jruby/Gemfile	5134c73021b3c14cf16a99e43234112f729fe2c9	45aeba45094800fcb0d36410cdc908ab50f81c34591d666076b589a2e937b93d
jruby/jruby	gemfiles/2023/jruby/jruby/Gemfile	dc86088085572f2c713433bf43e224ef942acea8	af1bda298a20df7b64d20148037c1a5851f8d81428827d30e9469a0261714e45
jruby/jruby-rack	gemfiles/2021/jruby/jruby-rack/Gemfile	b2c7cab8c68615e60bb4afb35d604b60b37abb50	0c15983092cbe4367bd27cafae02151c5f1578b4232954227a5ede21d80465f7
jruby/jruby-rack	gemfiles/2022/jruby/jruby-rack/Gemfile	cbee8b57f11ebac1fe9c9d4dbe079de9d4814f9d	24f931c46ca898ecdbbad11daeec31f5a68b4f4e749db447d02b418ee7b2a724
jruby/jruby-rack	gemfiles/2024/jruby/jruby-rack/Gemfile	b813106d51ae97c9f244ceb1689a73a9630f08d1	b404e4e716678330722af89fb23ddf3bc18bb06c9586cc1e9d30959a861e4a27
jruby/jruby-rack	gemfiles/2025/jruby/jruby-rack/Gemfile	fbb64d1f9b0c08f799704fc42f1d0b3f37cd63f9	ad587cd409ab1802b26856e79152fc881e5c8ac940fce1f3c3e54d6f025fd401
jruby/jruby-rack	gemfiles/2026/jruby/jruby-rack/Gemfile	f66570db486d21e0a3445347b19c9e2337419e9d	ca8048e316500d4c8b5c28a5927a31103731ceebdb8b055712c4c1f34c58fadd
jschwindt/Venganzas-del-Pasado	gemfiles/2021/jschwindt/Venganzas-del-Pasado/Gemfile	85772dec8449f53270b67371dff6d23808713600	9274ff41ab2a0be5878ed7c2de777068b94e62d6822bc3ebdba9b7a50aa98f35
jschwindt/Venganzas-del-Pasado	gemfiles/2022/jschwindt/Venganzas-del-Pasado/Gemfile	b8c9c888ba99325bbdca36ca370aecf6ef2bd603	1a247d847c5ad8a5d2565cabfe706892371870ac88e31ad901e733a5600812c2
jschwindt/Venganzas-del-Pasado	gemfiles/2023/jschwindt/Venganzas-del-Pasado/Gemfile	ef3e1b9f2e7b62860f87076176b9387e7dde34ec	2408bfa7f193ef0d27b0ce5a3ecde49b434ec5b5d8876c008313e6c1958f4d52
jschwindt/Venganzas-del-Pasado	gemfiles/2024/jschwindt/Venganzas-del-Pasado/Gemfile	fcbb5ea655c82d0b8e52f44dd0e2f7529da06ce8	247b6c245a0dd1214b336a6f48d28b95cf4b2d287ccc18b11e141ef93739027b
jschwindt/Venganzas-del-Pasado	gemfiles/2025/jschwindt/Venganzas-del-Pasado/Gemfile	5005e6038a265e0728a703abdf3377b2fb5c80ca	31bb4dd7f9c2fa8f2fd6eeb163dfaec6eea1659ddf4bd266b137f1ae09b2cf37
jschwindt/Venganzas-del-Pasado	gemfiles/2026/jschwindt/Venganzas-del-Pasado/Gemfile	34557639a72f2f04e6cc17518377f76555252ea7	783a0e29f66d98f8eaeb33929ec0354ea185a9028a38e7f6d7265ec12cb19e78
jshawl/saas-starter	gemfiles/2021/jshawl/saas-starter/Gemfile	7429090a2218fdbe3115c6fcc9b643c0a4110624	f52bab16a4db01346efbe7cffa74d549911fc390d1a199e2f1c7229a56e7157c
jshawl/saas-starter	gemfiles/2022/jshawl/saas-starter/Gemfile	e5a465c8c5271ef04018bcce1fabc85a27596282	274852db47922944ca641cd9455f559b257c1f56c11cd5b88a957893ecc43811
jshawl/saas-starter	gemfiles/2023/jshawl/saas-starter/Gemfile	4ab8bb56f3549b6c7fbea461fe877859b0ab383e	fd594eb45f6572e4a7ae0b260b642ff7c60b8dd7f11c2fc5bcf960855836fb8b
jsimpson/roda-sequel-webpack-stack	gemfiles/2021/jsimpson/roda-sequel-webpack-stack/Gemfile	35981de2b1d8fa3b591ca226169c1c476df4f457	b97da91786cd0ef13bd3073705f575975059e4279887f4ed26bb217c4a342fec
julie-ify/JXpense	gemfiles/2022/julie-ify/JXpense/Gemfile	323a0b28b542f7259721262ad13430c3bae863db	355b0e2345f7813f28f6244c0c3b321996269650fd838a7192f94ef595c4b21e
julie-ify/JXpense	gemfiles/2023/julie-ify/JXpense/Gemfile	6e3382978275b180165a621e78c71f4596a65bbe	2fc8d3bc2a985a809ce6455eac277790a6324f668c8a14a799b3361f718ca466
julie-ify/JXpense	gemfiles/2025/julie-ify/JXpense/Gemfile	ceb034466f0cd182a443b4e80225b8b244151a09	a3406871f273f31314e1a2a2f88e3dfc6591f36943662d29b5c22436d772b018
justalever/back-my-idea	gemfiles/2021/justalever/back-my-idea/Gemfile	4cf9986a11bf27a6aabd966212763e461b28c524	6b6fe86446d9df5909f8935843abb873362abc5fc13350810b433c5649dc0526
justalever/drag_and_drop_active_storage	gemfiles/2021/justalever/drag_and_drop_active_storage/Gemfile	ea887548526e80b3560efdd66a6beb9754570b7b	c93ab82cc3f36ef88eeacac10e8da61617f0b64feb8b711725cf3b43f14c4ab9
justalever/railsdevs_public	gemfiles/2021/justalever/railsdevs_public/Gemfile	3d9a5ebdc78d1a16b041e9133498b7d6a1ccebc6	b4650de7b62ca963630441f5592086348c653dee47d70a3505dd1a953dfe53f5
k2052/kerickson.me	gemfiles/2021/k2052/kerickson.me/Gemfile	224a11a75f98f6655e2cd3000fa0687fb1653060	8ac576eb5690409a1000b5267663b49a314e033dc7f988cd9dfd7353b6b66a29
k2052/revise	gemfiles/2021/k2052/revise/Gemfile	a2a4ec5e7b0b365f263f03e5080d86375bb61f6b	20df73951b331eff634631dc8807c51332c97ecb29e9e3bc4e60bfc748f27969
k2052/spine.padrino	gemfiles/2021/k2052/spine.padrino/Gemfile	25715e5cf7f6b550496a127bd0f17e229473c783	b750f11f4ec464061334da2d63ce8aa75300fbf451ac8fddef24e85cf788f884
kale/image-cache-logger	gemfiles/2021/kale/image-cache-logger/Gemfile	6003dc428be271b671cb3e05641a7e7748bce3d1	fa309fad6f1c26950d6d4593192afe4707e9f3209f67bd8f4a260c3b1c32317d
kartta-labs/mapwarper	gemfiles/2021/kartta-labs/mapwarper/Gemfile	9121861f53dc408b64b801be7c9335c5b094a6a9	8997d5c7a2e27ec09b9bd0378ca09bcbeca39800b40410c614da6467045abf01
katafrakt/hanami-ephemeral-chat	gemfiles/2022/katafrakt/hanami-ephemeral-chat/Gemfile	63a6e925adcd92a57381c2cf77d9afd63726c516	bcd339829626887909ffc5b6ce7684ef702a722c9c89a76198848e4cd4567f80
katafrakt/palaver	gemfiles/2022/katafrakt/palaver/Gemfile	91944b814a1e15f92abc1515d68c7eaf2989175d	4d41d16056104d3c26343a0d00c23788206e654c742712d2bbc09770270bc64d
katafrakt/palaver	gemfiles/2023/katafrakt/palaver/Gemfile	d1a31fec7dba6638ec798c419cecf35ce826f28e	9b1ebce6e4472b90603865c29f40babeefb3a76e69c68b727bbf807bdc1599f5
katafrakt/palaver	gemfiles/2024/katafrakt/palaver/Gemfile	c95da571f97c401ff37b4d4d4cfb90e05466d912	53831fa07b2f2a31b6ddc891ff26b899991390c40dff29126e7c7d1d3ec56d04
katafrakt/palaver	gemfiles/2025/katafrakt/palaver/Gemfile	639abc099b20e3d5aafa0527a8d5a872daca9362	dddcf2cb3ed11e209fbec737148400ebc530493eae4cd7e46d98bdb61cec9e0c
katafrakt/palaver	gemfiles/2026/katafrakt/palaver/Gemfile	7d81835041a12ec2163a8e7ab878c603d0684803	595b7f2087165176f9ddb8c3b4c9ac86af939f3fbf29f483de6466b6d09931dc
kevbaker/rails-bootstrap-base-app	gemfiles/2021/kevbaker/rails-bootstrap-base-app/Gemfile	51c229e5f632ea4b3d042d52699db13741f0e440	ffad8eb68289742fe76e6fc3aef4acb31e274dbed48cf7945dbe56fe8d17ceda
kevinodotnet/ottwatch	gemfiles/2022/kevinodotnet/ottwatch/Gemfile	fb1a9c08c4c7ca49e90cef1c6923e7123fb68761	6ecae690ffabc2d0a286b6d69c3cbde69d56947011738bc58c2b8544cbf014d5
kevinodotnet/ottwatch	gemfiles/2023/kevinodotnet/ottwatch/Gemfile	4a89bf6db90b432ad8e4d7c41a7b45427871aeba	524f0f02e0d964b1a5b81e0c07b0f181eb032097c1514f8d3dae6c8c87c0346e
kevinodotnet/ottwatch	gemfiles/2024/kevinodotnet/ottwatch/Gemfile	b8f8dca4ecc0bd0369a1b8f25b4d229d46292a14	1f14724de94a3193584e5e01397e753f297b8e1cf603957b189b8badf203b14a
kevinodotnet/ottwatch	gemfiles/2025/kevinodotnet/ottwatch/Gemfile	98891665f276f56f276a81949a68304d77bb77bf	160d303dd0a135d1ab790600bafbebedb77e39cc11d6e6355173b71ba3d4dee9
khalilgharbaoui/issues-tracker-api	gemfiles/2021/khalilgharbaoui/issues-tracker-api/Gemfile	566e58494454617e70cdf8040ee38dcf8245361a	caf6c4211ff744d1c424e4fd22c8c52284a6cacdce115b3a74678e4a5d57a0c2
kilimchoi/engineering-blogs	gemfiles/2021/kilimchoi/engineering-blogs/Gemfile	db6872c5e1348d215a32e2d469b1b8da5820cc8d	f2d41e6dc2517d659d84bd15c0ddc3d9fe562b14c6b86f0a137f9b3ecbb4edb4
kinduff/dogapi.dog	gemfiles/2022/kinduff/dogapi.dog/Gemfile	f5aa7cf67ec8e766adbfc8fcd128b26e71da1af9	b6d145b46eb11fa9a9635b7d7dc6c8b2ee7db5c52d40689b95a049ede2056794
kinduff/dogapi.dog	gemfiles/2023/kinduff/dogapi.dog/Gemfile	71b36121cd13a65864cf4c0ea39f1a12ddabee71	ba661ea4855de98c13f660b21182404b8d482472613d89a83f82abed3d5aa097
kinduff/dogapi.dog	gemfiles/2025/kinduff/dogapi.dog/Gemfile	92644157462dec192bcecbb0bb8f5ad19feca901	3e9486791b000cb28d88ba07a6fb82feea81ee1af79c8a9e8db89ed814c97a56
kinduff/dogapi.dog	gemfiles/2026/kinduff/dogapi.dog/Gemfile	7d1183c01e75c9c15834fc777dabbbff1a3397dc	8f5045f42b1158b5aaa35681c76552ee829dd374845f23c5fa770e3f61e07600
kinsta/hello-world-dockerfile-rails	gemfiles/2022/kinsta/hello-world-dockerfile-rails/Gemfile	e64a7fec84a69c3f2e0a11d855bd27b288f99dc0	a90d56100075272b4867c76e3b9ea713aa42f8d4867de6b6b68fcdaabe48a7ff
kinsta/hello-world-rails	gemfiles/2023/kinsta/hello-world-rails/Gemfile	60c70e5ec2e66d2e1f5116f612ce1b7e2a73475d	9166873de1725ec23c1c6033f5cb385919c0f5096955b206170c014cacf3b223
kke/grape-in-padrino	gemfiles/2021/kke/grape-in-padrino/Gemfile	3c0294629634c9c60a991bbb51371d9fbdd74efe	979acea536d8b0a7f46470ca6481bc3d2892ff511858ee9bd2c7859b3698c29c
kkuchta/css-only-chat	gemfiles/2021/kkuchta/css-only-chat/Gemfile	b5a2e3853803d0fb9b3f057b6f989a73e3f0e1b1	af061a058550b8572d205e3f1d568a1da0209802c448c12435aaf4e52b6e85b9
klausmeyer/docker-registry-browser	gemfiles/2021/klausmeyer/docker-registry-browser/Gemfile	cfadbe699961ef3955fc41391e42dd2eba9b5c2a	23b1b28c5ee3604486f4ad476de8f195069c38da71b3ee4cd02a0a99ca2ef6ac
klausmeyer/docker-registry-browser	gemfiles/2022/klausmeyer/docker-registry-browser/Gemfile	d3653097bfb1bd78087e1a4ad3e676663ad998df	6770156608c8073333af56b9624e94c9d1fc814a9a7722a24e27b8731fd246f1
klausmeyer/docker-registry-browser	gemfiles/2023/klausmeyer/docker-registry-browser/Gemfile	aeabf419d3b91914efa59178ed577afb6199f11f	a8d26cd42f91ed6b350686803dc94fb715afc314e13dfb2a7501e77e5cab450e
klausmeyer/docker-registry-browser	gemfiles/2024/klausmeyer/docker-registry-browser/Gemfile	f95f6495163b4fe2378453f3b685c9a095bb7a03	60426361b3d438a92f4cf4aa4cc2d186093dabbeeee39335fea8572805c0f1bb
klausmeyer/docker-registry-browser	gemfiles/2025/klausmeyer/docker-registry-browser/Gemfile	fdb8d8131ddf485ee25b524259c95b8e17718ea3	7a06c17d4f835078df9b1214a799b77e7c8031dde55fb58bb2ba498167817033
klausmeyer/docker-registry-browser	gemfiles/2026/klausmeyer/docker-registry-browser/Gemfile	c7e5aac9fe33f3d07567e7263e708bd8bc34fdd4	60fa6967695cdf69fe00e42599e481aa91654d6c54b87f7a660c4e858fdba0f7
kneath/kss	gemfiles/2021/kneath/kss/Gemfile	b0791708cb397f5e8995a855af0d1a8b0aa89a2e	20b18d254500830114148ba08b17212cca2455c3f2ad81c38e1cdd91f7115d9d
konung/hanami-phlex-test-idea	gemfiles/2023/konung/hanami-phlex-test-idea/Gemfile	6b96a5aaa38982ba9d9d423ca11c26bf37a4db79	a56411e2f7805d0f0a1b0d37251496cd1f5a6c4e68f7bbd20ac482997296ca99
konung/hanami-phlex-test-idea	gemfiles/2024/konung/hanami-phlex-test-idea/Gemfile	1028f24c2172547da651e0c02d6149969b40bd37	f6cfeaf67b91d9b14895ec94e5d689e30d3da00af458fa7675e307434256b2a0
konung/hanami-phlex-test-idea	gemfiles/2025/konung/hanami-phlex-test-idea/Gemfile	cbf775ffa03e6f54cd783eddbf2921bb557fe13c	1827e3dfca9be9457b0b2361e5f925de8e9f60977abdb19f060d40113ffd3e68
kortirso/pullmetry	gemfiles/2022/kortirso/pullmetry/Gemfile	fbd616845790adc824acaabddc1eb12a9fc6d92e	4f825d404050007a8eb54d10b755b7d07add3b8aa01a0f88dab988cc38838fb8
kortirso/pullmetry	gemfiles/2023/kortirso/pullmetry/Gemfile	a13826fe931a6564f5d8dc4ab56cac272812d17b	eb835b35d83f54329bd810536e7b56f10aa69ce76dd1895d1394fd02a3c25aa5
kortirso/pullmetry	gemfiles/2024/kortirso/pullmetry/Gemfile	bb0c2d95380f45a40f76a6980225320b607e9498	9c3b6e7e8e645a8c7a2503205b3c464e7b9f543fcc04f6511139c3163acf1a84
kortirso/pullmetry	gemfiles/2025/kortirso/pullmetry/Gemfile	90dccbfd264d63f8896f519d92878b789b1f6759	8f283abeaf62d4263990f8cc606a2bcae0713c068df9c38746df3adf1140b22e
kortirso/pullmetry	gemfiles/2026/kortirso/pullmetry/Gemfile	6860cc3f496569aec25547a7a41325366f9505f6	792a29eaf0950571b759b57c03da5146b403df6a143e7e8e713bbed287745081
krzykamil/libus	gemfiles/2023/krzykamil/libus/Gemfile	873acfe20c0e7528a1d5e623a58da2ca7ce04b49	d5bb560b8402bab4f5b187715c3b7c704030e0351160b821155605704ab4dac0
krzykamil/libus	gemfiles/2024/krzykamil/libus/Gemfile	5c5ee0fb90d90f68e638e65edea1f2f16ed89156	8c5c6d763e0c74ccbafc8e133237a2b53995566408c8332738e760114c48a5a0
kuroda/multi_tenancy	gemfiles/2021/kuroda/multi_tenancy/Gemfile	5e3047de094e966185376df7b472e41ca0c1d404	731531cc905a3926a8c0fca45116d3de7ee7ebe03cee8e165ca1fbb1b132f5dc
kwhrtsk/rails-k8s-demoapp	gemfiles/2021/kwhrtsk/rails-k8s-demoapp/Gemfile	ed9132e1534d2650f4ace1b8cbcd929973536f44	94144d3b664787e9517730f2eb12cae0e87644647889fdf4c919237dc5134200
kyanny/ChromeExtensionUpdateCenter	gemfiles/2021/kyanny/ChromeExtensionUpdateCenter/Gemfile	1856f86c3b9227b450790dffcdd23de15dab4b29	03bc07d9dd3f634763efd6e67c732ddb2a028c947620c4e3c3d55738db1f3bdd
learnetto/reactchat	gemfiles/2021/learnetto/reactchat/Gemfile	853e7cbbb33a881357489f96a0040149952e8ccf	836747a17ff0c2f7c04b51af6229b5fd328c96bc3264eb906fe7a7b528c9fa47
ledermann/pingcrm	gemfiles/2021/ledermann/pingcrm/Gemfile	2ad13ff297ef0f2ce7427e6028a7a6d107e32807	589cfba42b12378cf2fdf75f969f16d0534351c7b4ab0019725a5c40cca4784c
ledermann/pingcrm	gemfiles/2022/ledermann/pingcrm/Gemfile	a6c5798c6cfb536ba20729223de4591e664623bf	113a290b5dc78104b2ee975da31c7c9b8ed47db5f3d1da83ca1cefbe66315aef
ledermann/pingcrm	gemfiles/2023/ledermann/pingcrm/Gemfile	bc776b1a1c4695be45d02604d7b7d2110b1bd2b7	a4376f007f63a002fe72db5fc0c7c38cc3940e89f576c42a1da05dcf711306ed
ledermann/pingcrm	gemfiles/2024/ledermann/pingcrm/Gemfile	0ad888f3ff7b7b96bf4cd448c6dd4342b61c4c51	42eeed1d9c0967821e7aeb9f83396965dd968198cd099c16819b48b311363250
ledermann/pingcrm	gemfiles/2025/ledermann/pingcrm/Gemfile	ac964b394d811701c402c1814329af325a17bd02	9b999c8f9ef322d6a87cb9b23250fcd7056ee51806135e5973736e75fd6073c2
ledermann/pingcrm	gemfiles/2026/ledermann/pingcrm/Gemfile	ea36951ceac0457c99e214147e53ebbc3358bc18	39df3725be43471ea61c7d6188ba49c52c5d10edf9459b59e72f22b5f15f8f07
leighayanid/markee	gemfiles/2021/leighayanid/markee/Gemfile	48cc754c1a9649a02828c32bcf2d85ae2b68a33f	252e3c8579b693688024e9e2d05ec9048332c7c4d9a8be1a6acd028fbe21ecaa
leonovk/wg-rest-api	gemfiles/2024/leonovk/wg-rest-api/Gemfile	af4f8872552c0de5b7ec9c17b4a8fc229a2ea556	8f79b8af9008573395eba714832f746afc651dcdcb7b35a01e2158a4f48bf486
leonovk/wg-rest-api	gemfiles/2025/leonovk/wg-rest-api/Gemfile	d75e5caab19d7d1a4111fc3180dcbbd42cf494d8	21eb4a2f1375fd4107720548c9c0d0766f53154ba8e34cd9ed6e34a289f2062e
leonovk/wg-rest-api	gemfiles/2026/leonovk/wg-rest-api/Gemfile	ddf5a620c2167abfc863766d09f3217fa9bbad7a	3878cb74f77cd8f3e9e67c60c49188b861872350a4ad998e6f7bc356fda02a0a
letronje/mypay	gemfiles/2021/letronje/mypay/Gemfile	2180e57e276509a2c1097c3be161d6697f8d4da7	8172952b321357f31820da7ffefee189da540df1e3aa2ef27f4a381d4cf195fa
lewagon/setup	gemfiles/2021/lewagon/setup/Gemfile	2104f27c5d9bd6c51c7bfd1dc5eaa6665f4e40a0	3dc5e32464986217c60dcaa119db609adf44891fa7af36b7fdca4b036ac96296
lewagon/setup	gemfiles/2026/lewagon/setup/Gemfile	5eb48f386285f0e1130722b07b9fbf13e24fe3f5	5047ab1827261d15112cf1730766a87729c38cf0bc2db3bb9d158524250546ee
librariesio/libraries.io	gemfiles/2021/librariesio/libraries.io/Gemfile	912ea0d79c148c954a2b336d691c31912e5fb0f0	f3ad87845817c04b0f7c304c5da7ecb449570eb6caaeda735b8b6f00b85a0a8e
librariesio/libraries.io	gemfiles/2022/librariesio/libraries.io/Gemfile	1a580f6f48ed4e3ce92bae65a86ec3605b7dc2d0	e6d17114a5bb423708a4b83c8132bc1d61de038ed729be28b1c43ac80eaecc1b
librariesio/libraries.io	gemfiles/2023/librariesio/libraries.io/Gemfile	41af2b4e9af403164a975d61f0c98b0faab087a9	f1e45595d06734cfa83ad43b136ffed22601cbf9254685c159cd0012863f2573
librariesio/libraries.io	gemfiles/2024/librariesio/libraries.io/Gemfile	27756cd758fb76abd019b09776a25cce877942c4	d4e7cd0c0c5649d4b99d62fbf9633760f6cd5cb8543a4cdf78b1a54e9f3ac1f3
librariesio/libraries.io	gemfiles/2025/librariesio/libraries.io/Gemfile	8c2ee1848a1b827763e6a5a7a3c4d5cf3f09c4e3	b161f422ae9b5622b8e938430bded7b0a028fbd834733dc8e50ecca4d13fd591
librariesio/libraries.io	gemfiles/2026/librariesio/libraries.io/Gemfile	fbc438e24ca24f1615d4baa00037d32d688d0677	27a69fc71178ec93df17075229ab35404c2860dbb9d830d13dd595a698285ffe
liftoffcli/liftoff	gemfiles/2021/liftoffcli/liftoff/Gemfile	76566a6f9802e6cffdb4aa7cb4ae51b3bb6e7e6f	499f2c4ef589030757123ba0b16cbd7d779608b5240eab4aed15cee0dfa9872d
lloydmeta/push_to_devices	gemfiles/2021/lloydmeta/push_to_devices/Gemfile	7edf94f348fcc24e655775df84f283f374c86a1b	9411bcc928e0ef287e37a7d8e1280148480b1d5c88f45fe94a3620cf890e1015
lobsters/lobsters	gemfiles/2021/lobsters/lobsters/Gemfile	7e02d74503a1f5f18b2d35541b934d4c68739402	ae211477a98b2056f9df2c8ff1acb6e38b537471c13290250133c87710c01484
lobsters/lobsters	gemfiles/2023/lobsters/lobsters/Gemfile	ac3b88c72a97df82c5158a1ad8ad8a607717e137	b6b007dbc493afdcd92c31979f6259bc81b69f19ca9611fad88f02fbf6906ec6
lobsters/lobsters	gemfiles/2024/lobsters/lobsters/Gemfile	7a5dbc3282ed4060ac32f1a890758d4660f22640	86a2985270a2813309705ba448e6bfabbef9ccb96872e26ca87f003620cc3f41
lobsters/lobsters	gemfiles/2025/lobsters/lobsters/Gemfile	9b71cb53f3718f936e393a8eac634b5e9b6b9821	4c7409d1eb04419e5938643ae70f28b665f881c364c7bd832e71ab15f928af51
lobsters/lobsters	gemfiles/2026/lobsters/lobsters/Gemfile	dd8d8b792e37ffc577643c450af7b99dc7ae9d3b	665ccb2a58e0a90018b0e0e9dd902f20690ccb9246408503a8538cafe0135e91
lockstep/rails_new	gemfiles/2021/lockstep/rails_new/Gemfile	cb340cf36ee687e42b38327900008c310dc101bb	63128cec1db0d8861486235714b98b447245f51e0ff896b88e9a00aa88084d66
lockstep/rails_new	gemfiles/2022/lockstep/rails_new/Gemfile	80cdf9b886484b784742faff6cabcba936aca822	a568f0068b0e83f5201cfb7b8bc89b6022771b70ef086872118de6b60183eff7
lucasgomide/videos-pt.br-tecnologia	gemfiles/2021/lucasgomide/videos-pt.br-tecnologia/Gemfile	bc09e7010d9161a21fc7ce402308caa783ee7bd8	1d66fa8c5cfb4b1fcc4d757d4f2f4d2b0523ce324e97fb8546cf9cc1a642912b
lucasocon/dicto-bot-api	gemfiles/2021/lucasocon/dicto-bot-api/Gemfile	49bef9496bc4cf64d652ba1fcf30e8c5b4600d2a	9c97f4525565965bdb79751c79e4ce56f3a9a382555190f6c53d482af3604d3e
lucatironi/authexample-ror-tutorial	gemfiles/2021/lucatironi/authexample-ror-tutorial/Gemfile	c05d03e00b8728a66f75ae7db091b8d76d403055	9bce7a3ec750a09ca001c35f8ea69ad6a048fbc821ab22bc73b1e662e45414ee
lukes/ISO-3166-Countries-with-Regional-Codes	gemfiles/2021/lukes/ISO-3166-Countries-with-Regional-Codes/Gemfile	6b31edc760abcceb7aa1ae4f15e6e4496bce97f1	48f476794ae47ef6c84c31c2039f1c2bcae73a4b590e7a9ea9fb5184703d9f0b
m0nad/HellRaiser	gemfiles/2021/m0nad/HellRaiser/Gemfile	800451f9dbb56bd6b3b56469d76e5f66e10306cb	5bae9c4b5ebc9f78ed5225c7ece5fe63fc5c497e476e9a6284759df4f3474ad1
m0nad/HellRaiser	gemfiles/2022/m0nad/HellRaiser/Gemfile	bea43e221c33c976d3d5c4b5b6a4ecd3fb3ca9aa	c46dd894b20c3f5c3361e721c2500cb1e593fbc778980efd0abdbe726c72d650
maccman/abba	gemfiles/2021/maccman/abba/Gemfile	2a9ba0d39358536dbc7d3f7e57d4c86b1c489229	a9ceb5b46f341d9638e598ebbda1263f2403b9d43f318bb941832d2cb28dc1ef
mackuba/bluesky-feeds-rb	gemfiles/2023/mackuba/bluesky-feeds-rb/Gemfile	bf4e7484503d4866a7844f7bbc15162199d71e53	0c4f0c70b411a732154ecdf81f5e75124ae161efcb501dc47db43da7acbeb1c6
mackuba/bluesky-feeds-rb	gemfiles/2025/mackuba/bluesky-feeds-rb/Gemfile	903c4758f1449e4580314db04ffa86bd8cc5ca34	0095cbb5b00f96fbe2ee8ebf6da23568e262cd503a0423d8deebbd28b401b62f
majedbojan/roda_api	gemfiles/2021/majedbojan/roda_api/Gemfile	129f0f0f7f75dc632f49c8c032046c1ddc63c3d6	d743e03ff4b0b950f03b429c24007e51cebd52934b2998df2fcb3b871319e0f9
majedbojan/roda_api	gemfiles/2022/majedbojan/roda_api/Gemfile	740a38c4a8626fb0598629a268bae88947fa25d0	9fb46bbbd645e940a1b9b1d5beec3136f9f4dfb49897ef9bc67f1ddf0375512d
manyfold3d/manyfold	gemfiles/2021/manyfold3d/manyfold/Gemfile	82dddc9791bd00d12ecd1ec9c178211d3bc2a580	0d4b8527f6b258e043bc3d6addfad1fda959fec32358efd0753e5513cbd55091
manyfold3d/manyfold	gemfiles/2022/manyfold3d/manyfold/Gemfile	62ef6d5c1b21b64bd84de6deec9fd91241acc931	e35acc767548f48b768c9be81b1f29952f552b58fdcc4d1b2962eaa70eed90c2
manyfold3d/manyfold	gemfiles/2023/manyfold3d/manyfold/Gemfile	ce7a5a110b343a73272ec1c4724e07832b379e27	ea671fb42f4e8791469f4e3a2c5dab25c7a2f8b1ada1ba16c99ab38119a996dc
manyfold3d/manyfold	gemfiles/2024/manyfold3d/manyfold/Gemfile	72abb71c69a69eebcfb92ab4c866bb8e684416c9	979c2dd0aa98155196e66c0a74c9f19e09c6b37fe66175339e936ada30ff8145
manyfold3d/manyfold	gemfiles/2025/manyfold3d/manyfold/Gemfile	78fafc50e9c5bb6c87f99ec873e2b47ef3b4e5b5	24b259b36624da9d624d32d3cab280a76b9c3af153d96828ecc704da2e973c75
manyfold3d/manyfold	gemfiles/2026/manyfold3d/manyfold/Gemfile	6e69e99e64fff68a15032279437c75eb31586f6b	98a59883b319496176df2024662ae98f3e615ecb463d45655eeec037ea507233
mapzy/mapzy	gemfiles/2021/mapzy/mapzy/Gemfile	99eb4666b86804e28256a1dc062823d50372ee53	495815dc672c8ab0e63f98e4a64aefaabb94b39858aff4a3a337b3e21e577745
mapzy/mapzy	gemfiles/2022/mapzy/mapzy/Gemfile	49edb599a80db7e7c702293e33f9ce3ee2359483	e635c82335877542aaf49c6ec15b57e6449f6ea03f9fa2ae2d2728e1a8921ac2
mapzy/mapzy	gemfiles/2023/mapzy/mapzy/Gemfile	365175d2a3daec17c90159cabf0bdcdd526a876c	f9971e773276f24359edcf865fd92d87373b1f78ca45205bd0ec8457953d2d06
mapzy/mapzy	gemfiles/2024/mapzy/mapzy/Gemfile	22daf060f32713509eaa64073b31446d22b268f5	6a8d04f24f8e8a9060217f60e8a49ef96bcd633157d43625040d18181cdf64d5
maratgaliev/google_calendar_hanami	gemfiles/2021/maratgaliev/google_calendar_hanami/Gemfile	3a935050932567b5213b4b0655d633061afc3805	87196e8c86fdadf413783ba7c08e23ad0e72247c32437893e69939d487059e74
marckohlbrugge/sessy	gemfiles/2025/marckohlbrugge/sessy/Gemfile	01c2cfa4d8ba8106e0b35a3ccc2b2f87c412d57b	b656829ec40a54dccb2b961bdffe32a3df8d16e24c3bad1b4cb681ddc8f342e5
marckohlbrugge/sessy	gemfiles/2026/marckohlbrugge/sessy/Gemfile	1ebbe41e0ec61957f55f8edbbd51c77279dc8aa2	ac3ddb396bbcab4cf500f3a10e621d7262b12ba377026f183700b32af9722a6e
mariochavez/tijuanarb	gemfiles/2021/mariochavez/tijuanarb/Gemfile	19148223a88efedeb43fe68101ece5e610b637a8	789c7ec04bb286a508e3e134983d609803626ac63bb557cc9b79378e6cfa8cd1
marioplumbeer/ruby-restful-api-example-padrino	gemfiles/2021/marioplumbeer/ruby-restful-api-example-padrino/Gemfile	653405531417249ab54a4c6ceae2d732c6120c60	ecb0f45e169db967fe9e6cbb49f203682c374eb1364932c9f896f1781ce61585
masayukioguni/padrino_tutorial	gemfiles/2021/masayukioguni/padrino_tutorial/Gemfile	4fcac8ee3a3e637954a2b9e341fb089054a1519b	dd36abc8bcc202c527584c3246ddcdf0ee67553166866c345c0cde78a7e526f9
mastodon/mastodon	gemfiles/2021/mastodon/mastodon/Gemfile	d3db2eb7fb17e94ace3fc648153f14178e707830	f79026a01ad763d13f3f8c538c179f862c9253b855e2fe4545ee0c55a369e144
mastodon/mastodon	gemfiles/2022/mastodon/mastodon/Gemfile	ef4d29c8791086b11f6e36aa121ff5c9b5fa0103	e7551fc0fd9f1086d1eee87bb96def53657aec5993f35be333dccaedd89ce72b
mastodon/mastodon	gemfiles/2023/mastodon/mastodon/Gemfile	6374358357ee81b5f137f471f028a56974109155	cbc39f6cac8d116fe5d0ca5c5ea5c11efca71eb6d4047bc2e73be6ee110e7b6b
mastodon/mastodon	gemfiles/2024/mastodon/mastodon/Gemfile	877090518682b6c77ba9bdfa0231afd56daec44d	401ed4dccc74471350dc9dd61c19666380ab629aa59d387aeca7b61c2abb9bbb
mastodon/mastodon	gemfiles/2025/mastodon/mastodon/Gemfile	4bae3da85c8ee935539aacc92429bdb55aaf145e	2afa366fdc498384ec11068a1dc90acabe958b56eb9dbf33466b2c87eab66a96
mastodon/mastodon	gemfiles/2026/mastodon/mastodon/Gemfile	79f21a20736ba85a0b59c976cddbf88e880b28c9	7d42881f2d930bc3001449016bd838a36f7687b82fd25bce6026234e84477382
masukomi/backup_brain	gemfiles/2023/masukomi/backup_brain/Gemfile	56c3588c4defafb23cf0d640c0558da7ba23fac8	06c96aa760dec64b7d7452994b800b336f9850e2c59f81107c96512f66fa2191
masukomi/backup_brain	gemfiles/2024/masukomi/backup_brain/Gemfile	9142a2a1f3b8c47f8f01414bab8805326af0b89e	ac84b822de83ffb73231e85dff04b84cf089711cc8b348700833f510f15802f8
maxbarsukov/shoeshop	gemfiles/2021/maxbarsukov/shoeshop/Gemfile	0ee84ffc106eb794a102f5eac321c83e72e2e784	2b7a7283d1d14871591f1dd056ffff7d54d4f7cd206a1f1411c9f41813185eba
maybe-finance/maybe	gemfiles/2024/maybe-finance/maybe/Gemfile	5d1a2937bb849c5171bf0df94a9a54d67577d62f	80e078ac83918c270f6b4ced33b4f016cb0dad0bace1b940f8fd9fbdc00862e9
maybe-finance/maybe	gemfiles/2025/maybe-finance/maybe/Gemfile	77b5469832758d1cbee1a940f3012a1ae1c74cd3	1b6e8c7d41850c4345d0eff9ab5d1610c3ee9205a921177f394d6cb8e702fad3
mbobin/bookshelf	gemfiles/2021/mbobin/bookshelf/Gemfile	c06f8d45d878716e1284b5d26a4c49f9d530c366	1dc28a0b9d988cac0d638ea66eb7fa0ed483c56c775876a91a5ac7ef0228f50a
mbozhik/pass-on	gemfiles/2023/mbozhik/pass-on/Gemfile	62808e5a872fe95973013976994ab6e185ac730f	00f49a4cfc4247c5f48238d899b2086007bbc39cbf81e82d06b85d68d00b3173
mcordell/padrino-grape-example	gemfiles/2021/mcordell/padrino-grape-example/Gemfile	e2728fc31a5a2bbe0fab546f05dd328afdd6b2c8	d8d7583dc35e5f31fa9b6dc09d9f6dc9cc1e816b098d698a8505044b31c67edd
meg-gutshall/borrow-buddy	gemfiles/2021/meg-gutshall/borrow-buddy/Gemfile	57dbe1d77675f7a199c3a12aa8b8700866c2e0ab	4e11f7acf72eceb37b067ecdf776608a27fac5e522dedfb7256b8899f88b9a2e
meg-gutshall/borrow-buddy	gemfiles/2022/meg-gutshall/borrow-buddy/Gemfile	3062cea3f71347af9589306a5388588becd35603	ba40164e99a7bfc22faa08c77944b81b295192324c9117d36a127cecbfb3238c
mensfeld/hookshot	gemfiles/2025/mensfeld/hookshot/Gemfile	89f42834f75360df6b9c307f2cb79a8367218cb0	8a839a9134db9ecb91042e73e45c52f006fd45ca44715852f726138ba63bb497
mensfeld/hookshot	gemfiles/2026/mensfeld/hookshot/Gemfile	d6949e256f094c6f966d24bd29e82f0ba3c4b7c9	053553ed3a10eedda1510bb874d3253d176ef36143391bf8a4c9a7f29a10d696
metabolist/metatext-apns	gemfiles/2021/metabolist/metatext-apns/Gemfile	67d33f7f0d9126cd7fb2ecdc648c1773eca76b4c	5800d994c8977a2bb47bfd1ca14a65e6978077650443e444ade25055123543ca
metabolist/metatext-apns	gemfiles/2022/metabolist/metatext-apns/Gemfile	c456523b011f203637a25b43c1f9ff6be273c4fe	3a5a74f224cb1f5702b7911c6493937aef8f3c32263ec6e4c01854100aa189aa
metaskills/holy_grail_harness	gemfiles/2021/metaskills/holy_grail_harness/Gemfile	6e19616a65284e67bcaced40f9b153b628b71b1f	66c629aa241d8d9d13ed851c9920eaf44bd6b5236711365514f23c810c5dd8b8
mfojtik/padrino-example	gemfiles/2021/mfojtik/padrino-example/Gemfile	e2db6e896ea46d854e990d1933732def556b6d11	924e7551a902d028452d41cf453a70d3ce31e4565c541ebdd834ac144b779c74
michalvalasek/hanami-mongoid	gemfiles/2021/michalvalasek/hanami-mongoid/Gemfile	5afaddeff2d5786dfa5f5733dcce97b51cc6039a	2287d51f8d9039aa631b953477c9cafaeca9d413547d8639e586bcd307fcf7b8
middleman/middleman	gemfiles/2021/middleman/middleman/Gemfile	70eb0f2c98081ad4d210d955f3d6984f874c00ba	5ac01f41b54545ffd080f01d4a0c67288006e3b5d2ca4f57e167a064837e7fdc
middleman/middleman	gemfiles/2022/middleman/middleman/Gemfile	a44adc48fab2eea7cb3cf5187776390653afd029	b8442f98e0d13b9a3778f29409d80be3837106072b4f1fffdcdd190274c1a90c
middleman/middleman	gemfiles/2023/middleman/middleman/Gemfile	0fa44a8b6b7cadb8deae4677f0bdf82761416d5b	90ec32114003ebcd2ad8f085d2a1ea9c8570483bb97f69fedb50e0dc6e2b1649
middleman/middleman	gemfiles/2024/middleman/middleman/Gemfile	c1cf7281b02eae165a6713079a3cba5660ec77aa	ef62e922426d32e2c11d07ced15d0765a67ee09c1742c0d7019c758b59a60dd5
middleman/middleman	gemfiles/2025/middleman/middleman/Gemfile	b497703afb715044bc5cfcd5616bd3825323505b	3ecd96a56a323b94ce63c01ba9b6bd11dd58d303bba3d22eb307585f3cc32bb3
mimizotti/little_shop_of_funsies	gemfiles/2021/mimizotti/little_shop_of_funsies/Gemfile	51ac8c7ba6122f5a98b93a7984624fbc7d21dab8	e8f2594950573faf990e5b2c16a7bcbb43b8185e935cb353645a5e4b6d6001d5
mischa78/boxroom	gemfiles/2021/mischa78/boxroom/Gemfile	9818f0bc558f7946c96ff6b065e08ed71b9c52e8	15b8526503a072a2ddd974a4b6639edf7374edd4d9aada74b9cf66197c724902
mislav/will_paginate	gemfiles/2021/mislav/will_paginate/Gemfile	e8013db0d4394ce4e2b64e817d96824a6109055f	ffb81a5a4cc0da5b1e15a55961bc24ebe3d14a1165ed6f60ed549a06960856c4
mislav/will_paginate	gemfiles/2022/mislav/will_paginate/Gemfile	c732deeba65e709e6c5d223584e2fc4448a12334	1b6926a37b233fb163a33e17a0f0574ac3b56ce55b7cd22ba0c18c86f860bec2
mislav/will_paginate	gemfiles/2023/mislav/will_paginate/Gemfile	2c11a6cda44ff5afd51d28043c470831f7e00050	0d08d6f0bab466f97ecf7736e11dfd5734f24dc3a1a83c1c87b518c76c9a2f7b
mislav/will_paginate	gemfiles/2024/mislav/will_paginate/Gemfile	50017c3eb0712e7b3a53268a81e81a184b7a49f6	01dcee6e18423accbc24cbf100b151b8bb6f72814dd33403c2e5aeb01f45282a
mjacobus/planning_poker	gemfiles/2021/mjacobus/planning_poker/Gemfile	ea49a84fe776da94cf62d654cc3c9930443ed875	dccdf9397b896733ac8005d32c2b55e2ae32a8366d65c0421f3220ea74592d10
mkhairi/rails-daisyui-starter	gemfiles/2021/mkhairi/rails-daisyui-starter/Gemfile	c9659a54c71d026f69e45d2dfe827c72d1edc3be	98f8ebd6250b04decd8676180c01ece0b2f2c7d70253f357baa95675e3b9bb9e
mkhairi/rails-daisyui-starter	gemfiles/2022/mkhairi/rails-daisyui-starter/Gemfile	ab40fed1d6ceba49a2c0b5626b1aae1bbb7c3c25	87d15fbd1cea52c38409d04b6e584f0b24e67bf9d2636b65a677846a1b8cf785
mkhairi/rails-daisyui-starter	gemfiles/2023/mkhairi/rails-daisyui-starter/Gemfile	ccd7eadada5f8da76c426c94119620a15f695416	336c8d49803de319dec59bf08643e6535dc50536380110d4861845555e6bd216
mkhairi/rails-daisyui-starter	gemfiles/2024/mkhairi/rails-daisyui-starter/Gemfile	3370fbaff01d835531c5d99aa24c306bfe1083ef	6eb42239efbf1da4976c97115558030003ff1dddff71aba0196135a8f9a2ea7e
mkhairi/rails-daisyui-starter	gemfiles/2026/mkhairi/rails-daisyui-starter/Gemfile	9370e7bbe781a01c4826452dc78fef498c9ed089	0e1fab28165a85524b9f8224fa0a918b299b73b5c282046354cb9a72df41fb5f
mlandauer/cuttlefish	gemfiles/2021/mlandauer/cuttlefish/Gemfile	cd16da3e1abcf4f8b8083894355324234f92b0bd	01afecc19cc17608c4b7f5351f9af1eb3abf7f4493a6358b85ffdebaeafefabe
mlandauer/cuttlefish	gemfiles/2022/mlandauer/cuttlefish/Gemfile	df337581a158480a4ddddfa8aab341679df005b7	e63bc56e09dbb13a164fd859495778203190f9105b1f0a54162a4e73dba98b9c
mlandauer/cuttlefish	gemfiles/2023/mlandauer/cuttlefish/Gemfile	b78fa850174f17b236f61f8edfb2d7e1a3bc9140	59b9d6ac91f5f00c6bced584a9882ca14ba766f5bd13f989231e82aae86499e7
modernistik/parse-stack-rails-example	gemfiles/2021/modernistik/parse-stack-rails-example/Gemfile	53843df89d094d360385f2964b3be9621fefb5a2	5c2ae5bcc2e514301fed05083e61d4bcbf1bf337a338783d910db5459ccae8ac
morissetcl/menu_dashboard	gemfiles/2021/morissetcl/menu_dashboard/Gemfile	bb62c5236d2dae26dcf47231b74b7934554fca3b	dd58a2494e742d386a6341906f3e4c4bb63605641b832d36d31254ecae1a5192
motor-admin/motor-admin	gemfiles/2021/motor-admin/motor-admin/Gemfile	326cd1662f9cf0b31f0f23eb364e18930acf26a4	f31adb25fb1f5235bdfdd9f47f453ce637bf177559a776e8e019b5112a7a2267
motor-admin/motor-admin	gemfiles/2022/motor-admin/motor-admin/Gemfile	8147b7d4b9ca38d2669f9f336ca85e4792523ffc	fc39e2e71f86a4f5e644f53e05d5c71306893b6ae1756fd070b06e0c7529a828
motor-admin/motor-admin	gemfiles/2023/motor-admin/motor-admin/Gemfile	3b7995a555d2e4dc4061419356fbd0e5c64088a1	bb2e63341c83434c6e205d903fe10f18f463b6c8650c497cc1305ef0a2162a31
mpapis/ad	gemfiles/2021/mpapis/ad/Gemfile	9cdcdab8d02130add64c647ffca9cad0925195cb	ed0ae58ebded8e6e4e871b4fefb6c1b59fcf4f14cc6c1367092199581a39c4a6
mrysav/geneac	gemfiles/2021/mrysav/geneac/Gemfile	48cbc1f05f55deeb4404b35348c59421e5c02cb6	fbcaf9f4c565d7e15d62d3bc0164174426f43a91e565b9c768e4415b0762d931
mrysav/geneac	gemfiles/2022/mrysav/geneac/Gemfile	8acc3168beffe9c58ce904466bdee1eca1bd8268	fb144894b93523f1353fcc06ecb9aa6fea6a0a1b6beae3caf29aabe06a580a94
mrysav/geneac	gemfiles/2023/mrysav/geneac/Gemfile	2e717f195ae453d2b9ed4bc3b78db0a6666e4096	2a3d4640be31503616d489298a84fa58579de848b48fa4dd6f982ae719149f37
mrysav/geneac	gemfiles/2024/mrysav/geneac/Gemfile	57296fd8a17e0b4b86a277713a7aff8fe9b91e8b	06a093cbc55bfed7e79090d064193420cc28d85fbe253fa3eece351237c27cc4
mrysav/geneac	gemfiles/2025/mrysav/geneac/Gemfile	207ac0a370a30809b6cc60f2603696a8d4986798	5a95dcaac99df2819da5914e3da9e69266fdecc107c98a6541bcdbc11c34cecb
mrysav/geneac	gemfiles/2026/mrysav/geneac/Gemfile	84fa2ed66ec72db9b9f68627e6dbba3e8752de29	d9e019fc612b256332d6848a51de34eb6537ffcbed204fa57f19bc0d2fd46a7d
mwlang/mashup	gemfiles/2021/mwlang/mashup/Gemfile	3f8eda80371b8e2f549402995324e9ba31612350	971160a0edbfb62553cdd95590318b765ad5cffb831a2f03b2e1b7bc8467d1c1
mzeleniuk/Hyperion	gemfiles/2021/mzeleniuk/Hyperion/Gemfile	dfbfab44e2985a68c7bf5bf0759492cf8eb92f03	0a82069ab35f9327e9bc35c59424c437b881ec1210a5bafb11a64daf70ba8f45
nachoal/rails-rent-a-space	gemfiles/2021/nachoal/rails-rent-a-space/Gemfile	477a6c368ff531bf733679be39b3067882ccc648	478df20e7793bebe3b8ff28a8657ed4905e792f11edb5601307f86fbbbce1b17
namiwang/fiber-note	gemfiles/2021/namiwang/fiber-note/Gemfile	903a0782a2f8ff7b98cee79d30a37d894318665e	c9e537b21396eae33b14789d3ffd5d353d611cf84b69c9422337afd380152294
nanoc/nanoc-web	gemfiles/2021/nanoc/nanoc-web/Gemfile	00187bef57e2bf2727f22068bb93a805456fb7f5	e4f0f8d20b32f58a5faa287f5580d2e231ce5fe661d78fa20a4ed4bbf09d006b
nanoc/nanoc-web	gemfiles/2022/nanoc/nanoc-web/Gemfile	acd63af949a7b7b9269bf33624c9df5c6a23b008	7f4ae61ba686e0b90f5c1e7788eaa1b08945b19cda2fd337eb5fe74f702847cd
nanoc/nanoc-web	gemfiles/2023/nanoc/nanoc-web/Gemfile	6d5b52b8816ea37143c05e9da60227e0b973bfe0	7ce3b10f4c1be88c3dae86a4c86a1c1d08ae8dfc37e301d7ce670f5cb091a778
nanoc/nanoc-web	gemfiles/2024/nanoc/nanoc-web/Gemfile	afae4e81712c21291046c06f5e113fa9cf96c93a	cc2a6d842d40045ba4c894da4bf342e9d8173f55d0fd4ee848541a58a266a549
nanoc/nanoc-web	gemfiles/2025/nanoc/nanoc-web/Gemfile	ec7df6fee381fe4dfc5cf63eecf05f7057c7ec1e	b2d828d29aa5dd123c0fc6bc8a39cf6eaf7bc58c3b1367d98d938cee9a4a8d66
nanoc/nanoc-web	gemfiles/2026/nanoc/nanoc-web/Gemfile	04450b4e10979e56a5ce258a5bb104567b3264c4	d422c6658ff59bb3868ea0426d1c9ed3d48b8d324306df3cc86705dde5603456
natew/obtvse	gemfiles/2021/natew/obtvse/Gemfile	15428566222ff85cefef522377ab995d518c5c2b	b5a20b09d2a668e2aea3d17984832d07945efdb83fa6435bbcc3806642f87b68
nathanvda/cocoon_simple_form_demo	gemfiles/2021/nathanvda/cocoon_simple_form_demo/Gemfile	1a45d69bf6e94a8a7deec21936147fd4fa1a1d60	7ddb3763d2e428f89f105c5efc82b3e930a6599f2f4c1a1d696e07c6baacf1f4
nativeapptemplate/nativeapptemplateapi	gemfiles/2024/nativeapptemplate/nativeapptemplateapi/Gemfile	5def53d9b35511910457af20ff8ae7aa6c93ca04	6c30719b8abfea92806ae753dbbf0405452ec6247c41fb71d425dba0a6ce3c35
nativeapptemplate/nativeapptemplateapi	gemfiles/2025/nativeapptemplate/nativeapptemplateapi/Gemfile	86227782b1acdd6752fcbdada76bd7a1f040fced	1a5eec49307246d5e9d71099d98d0e557f9d6567430e003e520e2922aeb97824
nativeapptemplate/nativeapptemplateapi	gemfiles/2026/nativeapptemplate/nativeapptemplateapi/Gemfile	2396b108c639cd0d675918f775b42a25347639b7	175e7a1ba1670b950455aee37e3c6a67aa407ecad4e88fed9fb960ffdcda3e60
natjng/restaurant-menu	gemfiles/2021/natjng/restaurant-menu/Gemfile	481083dbc76fc101b5178c85a02099c756e8c426	8fb5097b6991ec50d12ddaea4cd26fa23a9b597c508b86fb9b013f81b85102d3
nay/kozuchi	gemfiles/2021/nay/kozuchi/Gemfile	8fa20c32d9f76e83be53b45c1d80019f3cc64a86	17e5ece434d53e49c128f65dc1099f44dade9e28ce0e297ddcbe3dd0d0e6de9d
nay/kozuchi	gemfiles/2022/nay/kozuchi/Gemfile	dad1cbd2822344f8ad7e422d3bdbc7008c00ce6b	bbe28342dfc301d41664218c96c92e01208a5d35168ec90d4d47df545e5bce80
nay/kozuchi	gemfiles/2026/nay/kozuchi/Gemfile	b7dfceea1b409ed93317736c3daeaa3e56b1a2a4	450e7b89997292be8dde366a44e9077303b777e6b8802413ead986b14a97e770
neutraltone/awesome-stock-resources	gemfiles/2025/neutraltone/awesome-stock-resources/Gemfile	874121f5dd3b61405b2a3be4170078d5acaa0c31	5723881423b5eabba2d3681bef2ce9fe8b87d007969fd4940ac56dafa5342f5c
nexmo-community/hanami_vapi_tts	gemfiles/2021/nexmo-community/hanami_vapi_tts/Gemfile	7b550a5b560e624b7c74b48295f87f9200d4841b	62292c396d76bf6941e3f7868ca8a6a6609ed6d536318984f15d5158d9cc15c6
nfilzi/housing-list	gemfiles/2021/nfilzi/housing-list/Gemfile	7ae6bb5b690be693ecd23843efdd2c070c54c794	30c6367c46fa991274c97abe3f8d4a8a9962e66fdf38017185614f0c247c6ff4
nfilzi/housing-list	gemfiles/2022/nfilzi/housing-list/Gemfile	c005ae37082b0d49c643cfb83c4875f0f0a42232	b58d67014ec1144d5a6c52f13fad60f9c825bf2e13a7671657b34d7275d17777
nickgnd/hanami-chat-example	gemfiles/2021/nickgnd/hanami-chat-example/Gemfile	b6a180fc1c00e81e987e0ca4d56ea41f220fae87	6356dee4288968bde6c150aa8793176d7e8c8baa70e52d0b5e908f41440bb773
nickgnd/hanami-jwt-example	gemfiles/2021/nickgnd/hanami-jwt-example/Gemfile	3dab10935a3df67b463e556e3efb48b25f614185	99445c92df59ed6642d24b2782327df060dc1dc9695e600a2d2e1c1b2567c2aa
nickjj/docker-rails-example	gemfiles/2021/nickjj/docker-rails-example/Gemfile	bfdbf3e1548e0940a891d1a020c151bd0e73a00c	f364651d4cebb4edbb04e664f943ac70211636ec84eea7dd021184566d3a1b14
nickjj/docker-rails-example	gemfiles/2022/nickjj/docker-rails-example/Gemfile	71085f3b9a4adaa3579ac20fefc0d87b346f1b46	3fa064707169d6062c648fb1a0798af409737ed7e3764ae1b35cf8277089becb
nickjj/docker-rails-example	gemfiles/2023/nickjj/docker-rails-example/Gemfile	7377ec022f5be82454a4188893fe08e1b0216bd5	e5e1b38fc581d68c382e9b8716ec94e95022438d07b407fcceff1004c188300d
nickjj/docker-rails-example	gemfiles/2024/nickjj/docker-rails-example/Gemfile	d1f74cdc2515fa3423bfec46a0e95a7c6d1f779e	7415679c4290d77feb1cc5da4e8c9bbf9b5fdebbfd3ca1d7328f32384dc62a23
nickjj/docker-rails-example	gemfiles/2025/nickjj/docker-rails-example/Gemfile	bc53e46d0391799cd99ed464afcfc5fbb7c05cc9	95ee949eae2710830cf5245723eb2460106b5b72b63df237659fb056fbcefaec
nickjj/docker-rails-example	gemfiles/2026/nickjj/docker-rails-example/Gemfile	d8e29ba2fa5a5ed419dd7027226300974402994b	aa9aebeb4ab492cd584e882f55aa52df0abe396d3eaa5500021bba50e76dea7b
octobox/octobox	gemfiles/2021/octobox/octobox/Gemfile	d6550e0de9d66888807625e19c466e674fd99e55	47814c4b3b8efce03e1a47b8db1ac304fa9333e7afbd386f311472d40af0909f
octobox/octobox	gemfiles/2022/octobox/octobox/Gemfile	b0c0414b03411d0a838710774fca9bb729d6b89c	0cb1469d9ace79924f8a055a7a63c9da4db70b987f47fea39f33d98abf15e6a1
octobox/octobox	gemfiles/2023/octobox/octobox/Gemfile	96736552665b42ca22929120da598427f96a7fa9	a70b03946af9eef894c7142aad502a7f8b535a54042eb54abe9dc9637c899e02
octobox/octobox	gemfiles/2024/octobox/octobox/Gemfile	431dc1509c1612b4f8f3db367101d2085ffd5f5c	6cfaf537efe5a2193bbc183c788a487cc734217941d7ac8fd32f1cf7071e2a7b
octobox/octobox	gemfiles/2025/octobox/octobox/Gemfile	6a8be6f97ee98fe4977a4072fe39a5a0fe26498a	d27d5df68a170f88a4636b79d390320d3aa19de4b0f861a2d7e08585b041b0cd
octobox/octobox	gemfiles/2026/octobox/octobox/Gemfile	4aa2e42673b4ce2f18a9046f13675e0b868a3141	62b1871b98796e14b788e0c255367ffd99cb612ad0114a753017fa9167768576
olumentary/olubalance	gemfiles/2021/olumentary/olubalance/Gemfile	9dfc3b571b5ac6cf6c45302a27b207c75d1f98f8	f81d0230fbc07e2fb2b24b6bffcb6d266af82321b2faf05fa022458e55d50a64
olumentary/olubalance	gemfiles/2022/olumentary/olubalance/Gemfile	5a48cab99a7ea44b47bedcadb7b75566859c6162	6590cc3303fc45e0375805b7a7926909bc52e92338012859fe9ff01a2ef4df6b
olumentary/olubalance	gemfiles/2023/olumentary/olubalance/Gemfile	2d28d426698e4bda65c3fe22089085d2faebb8e0	ba2a0fae68f3646fe87eeef071a8a9b1438e7381eccb400374fc21e92fdff485
olumentary/olubalance	gemfiles/2024/olumentary/olubalance/Gemfile	6f186c953dea8473c0399997754da37c0f954a53	8eba5f50321f1fec31d4a2ce3602d6ea0f8a6b2f30f9b1124269c879d979e627
olumentary/olubalance	gemfiles/2025/olumentary/olubalance/Gemfile	3337a043c99cac44f5d12dca7d1f963fb69b6f0c	ee47142b8fd69438d0b02a00548985071101aeef7faaacf8896883db1ecadefd
olumentary/olubalance	gemfiles/2026/olumentary/olubalance/Gemfile	cca86813fc74248676c2d704cb54c0c76c25e044	12d1b3536229353c2bba18c01b275994bc2cb24c484bdd7713b29242eff923d5
ombulabs/monthly	gemfiles/2021/ombulabs/monthly/Gemfile	93eab8cb39cb315f24e19f762988f229ae8cee64	9ac07813d6f0dfac28ff70e48a6ba314b0a37c302f5fa7178feb8d48cff90f33
omniti-labs/ansible-dk	gemfiles/2021/omniti-labs/ansible-dk/Gemfile	01eed66e43afa4b53937e80c8e86d4bf9a1f8362	39c7d72dd40626c635c3773ce9315dbc481fb1a1e3b49215acfc32d0614d3842
one-developer/hanami_test_app	gemfiles/2021/one-developer/hanami_test_app/Gemfile	61e576fe020e639cee9cad1d9b07d9934fb09f14	79d94c9b2b539c4e92afe42c482b3e3b18062e89e5a8f0f0ef3df525475a2d64
opan/simple_attendance	gemfiles/2021/opan/simple_attendance/Gemfile	349e23e7dfe2aaf3477ba48fa04acce98f0844bb	27c1fa92042f5c7973494fb5871ef044b41766c222da4690ee074fa64f8bcf54
open-source-affiliate/3rd-party-retargeter	gemfiles/2021/open-source-affiliate/3rd-party-retargeter/Gemfile	f2c5393d6cdd1a08f7c0e0f6ecf0e985ef3054d4	23e076a6ba23ec1bc2def2d7360fadd62aa85e4de9041943ff67db64d73a3a02
openSUSE/osem	gemfiles/2021/openSUSE/osem/Gemfile	3bbbdb4aae9d4be9ce1bba35fc7586988261d5a9	536092b77f766ac8524a5eae3acf714267a51e34efb8abdc95a25900e40940d2
openSUSE/osem	gemfiles/2022/openSUSE/osem/Gemfile	5652e41d79b3f2bb6504475748620de376a7b5a3	bae5451377bf731b4c88a9a053a7fd10ec8586d4e5be06cff01018c4254b437e
openSUSE/osem	gemfiles/2023/openSUSE/osem/Gemfile	b39ad619c5b85e9792744c2fa02b7ade4e92ea37	d59abf4adef6189ebced9a06aa7822d4d05d0b6b1d4a184fc86e5c6d36e2b519
openSUSE/osem	gemfiles/2024/openSUSE/osem/Gemfile	a7ebf098a932c4215df482f93e09b146e6505518	0837156b200aa6188d0f2342669baa4b72fb77c1dcf9a9aa53dea1852e6d2035
openSUSE/osem	gemfiles/2025/openSUSE/osem/Gemfile	4fc8726c41204774182d95265d90659f9bc58019	564cf7d04172842b94968b0f3fb8cf2d56b3b5ab00d1542be6ff8e2804e1718a
openSUSE/osem	gemfiles/2026/openSUSE/osem/Gemfile	b2270d0482896216385359fec491ecf0b85c5e7a	09b5419c415097567f5d0d1c8ce368e86492b4a971f5e5c73bacb1e5fd49912b
openfarmcc/OpenFarm	gemfiles/2021/openfarmcc/OpenFarm/Gemfile	2fa88969d98312c7c2204b2837aed7e566ae0145	9182465368c8d0b4718b56ee642bbfbdd41c89c9f08800d064ab74ca70b5f3b5
openfarmcc/OpenFarm	gemfiles/2023/openfarmcc/OpenFarm/Gemfile	1d42a614675ce1917d3df2bc383fafe5050ea5e3	83222932023eb16d85c34688f562e966a0b0fe60d9e1cac173be0873e1783ff4
openfoodfoundation/openfoodnetwork	gemfiles/2021/openfoodfoundation/openfoodnetwork/Gemfile	3a4ce808e8d6050717ee3f9db603582f81fa17da	e85403da86081c022669590e6b12d9c950bb5b8c8193afd976b6dde903bb7b16
openfoodfoundation/openfoodnetwork	gemfiles/2022/openfoodfoundation/openfoodnetwork/Gemfile	6c1c103272a8d65c4412fb6915ad55c818eb5446	a6e5a9e7f4203fa9635be9102652f020389ad262701e6aef9df58018b8398222
openfoodfoundation/openfoodnetwork	gemfiles/2023/openfoodfoundation/openfoodnetwork/Gemfile	862edbe55b45fdfa5c39e2b13d769d8f2e7107c6	6ba7cfe80ffc8eaa2f1aef0fe78af0cb06f48ce9f5f163cc3cbbca72cdcf0780
openfoodfoundation/openfoodnetwork	gemfiles/2024/openfoodfoundation/openfoodnetwork/Gemfile	77864fc149b84966c14f73a9c96095428c5a6f55	c795adf561c11736c1f729a95dd298c35ac829a5af3d02eba09e8f0408fb0329
openfoodfoundation/openfoodnetwork	gemfiles/2025/openfoodfoundation/openfoodnetwork/Gemfile	13229cc0c1aadc55c91916c8fa054bdf778069e3	014049f6eb59c9ed02efb506e318d91be8436bbd43658048872f3b035a1cbba9
openfoodfoundation/openfoodnetwork	gemfiles/2026/openfoodfoundation/openfoodnetwork/Gemfile	65f6739e42225ec02ec7e3c8295ee6e9500969f0	cfdce5c44bf877d538c7cbdeb8a2cfc803227e5a314b7f2e897fcceb8b0af80e
openmensa/openmensa	gemfiles/2021/openmensa/openmensa/Gemfile	1295dc8a80b3fa0668d6be4e256feb881ab99902	8db48143300febfb389a4b81bdf4bdcdce195135f85385ec038acd79afeb558f
openmensa/openmensa	gemfiles/2022/openmensa/openmensa/Gemfile	92e11443abb5d06a657a2d2b1656311e416ef4d8	201de9614c35f1aec5c584619e060e3977b2aace3c0c79356e8480000c8be517
openmensa/openmensa	gemfiles/2023/openmensa/openmensa/Gemfile	0b593e649224464fd4b292fcc909c2367a9f8e08	24aa0e396dc250d9f0a7abb7d4761ebf85a899582884af48c07b358a9f142c9d
openmensa/openmensa	gemfiles/2024/openmensa/openmensa/Gemfile	b6040cafbe1691a0f108aadc442650ad8e5a8e85	6d988d73dd0d1056f89c79e4ef9ee0d49ecbf5ed7fe5d3bbca78b6c3aa795af9
openmensa/openmensa	gemfiles/2025/openmensa/openmensa/Gemfile	7fd615e1f13af2d4f97425596175446ceb6b87b8	ee9f93d6e81d4258e26c71da9b5829eac291cf8d2280e64d3d70ddcef1293a6a
openmensa/openmensa	gemfiles/2026/openmensa/openmensa/Gemfile	9764c337722d43370f88abb84f0d3a2552fa9a8c	4b5f2319be088711549845283bdd1e703d74014dd4bdeda74f4609d331f41793
opensourcerails-org/site	gemfiles/2021/opensourcerails-org/site/Gemfile	8a02a884b3a698b84f449f2c0496d740dd4354d9	424e627f4b0ae1d68402063539331d6a85a359119bf886fabd2b2d2fdcae2bd2
opensourcerails-org/site	gemfiles/2022/opensourcerails-org/site/Gemfile	81814bded261820dd09f4c0968cb4669f2c80c87	79eb7c055bf4c24327218a247ff9696d744e54b76cdb720522d94c81bda26e7f
opensourcerails-org/site	gemfiles/2023/opensourcerails-org/site/Gemfile	d5954b2b478ddd723c1cf957d87bef4a0ee337ef	ea25d3df923e8b16fbb46c9190681c7e7049d5b0a7794ee414c7f662fe184e1d
openstreetmap/chef	gemfiles/2021/openstreetmap/chef/Gemfile	a42fbed9ef1a19a8f92adb6f0b22f68691bf23af	9d423ce7c43b9c777865074653c88b71daafd89092d138dce6d4d3f72ce5a1d1
openstreetmap/chef	gemfiles/2023/openstreetmap/chef/Gemfile	4d6661bf8df42cf82cbefc820add421eb43a7ce8	10389a41cfbce530f7a60408d604db0f9da3079acc61c8f76ce88ae894e2344e
openstreetmap/chef	gemfiles/2024/openstreetmap/chef/Gemfile	e397f006ac6cacb175c27f81b86ce5d90e39e7c3	e6f94bd5e79678a158e214c28e93b19eae899b49f163d06381a11abf04b2baca
openstreetmap/chef	gemfiles/2025/openstreetmap/chef/Gemfile	b454bfa6a0a76e29e554d7fd7cdcee04d3e63969	df29590ad58051683bf7a723362525c9e2678832da01ef323ca94094a2aa3fd9
openstreetmap/chef	gemfiles/2026/openstreetmap/chef/Gemfile	cae982d5eafc7e08ee28af54c52c722297456c21	a64557cbbaf5490f6e7e1e239d4152f41d054fa4392a7342ffcf0a7ee3764ea0
openstreetmap/openstreetmap-website	gemfiles/2021/openstreetmap/openstreetmap-website/Gemfile	7de3143525436a1c2fe9c484d0455ce6a702405a	86a26268509611a8d5039592e5f8fc1feaf73fbf31730a65a478a83c376015fb
openstreetmap/openstreetmap-website	gemfiles/2022/openstreetmap/openstreetmap-website/Gemfile	305acfe5167dec7440448cfa02e6c1430286c742	119a4d83eb82b34cd963684663b5ac07fef18e7f16b58ecacbd05b042adf2a2e
openstreetmap/openstreetmap-website	gemfiles/2023/openstreetmap/openstreetmap-website/Gemfile	06a40fda9353fcda6b210261b83ca8e37fa5ad5d	e4bcfbc2f12002bf8732dde92b624999ae4978b7c21f18ad15c45334cef45c86
openstreetmap/openstreetmap-website	gemfiles/2024/openstreetmap/openstreetmap-website/Gemfile	27aa2ed591212468d118059353866af1fc776631	2194a43f0181344e0a5b9f92234b3f57fad238f311e9e05c9be0d517590b304a
openstreetmap/openstreetmap-website	gemfiles/2025/openstreetmap/openstreetmap-website/Gemfile	27261dcf9720bf7df559f21add30fbd44a019161	d89740bc57b4af0dc88a55e8642a6965f73deee101e9cd9590061cc8081b79aa
openstreetmap/openstreetmap-website	gemfiles/2026/openstreetmap/openstreetmap-website/Gemfile	8476abfc8dba154cc70486ee1c3ea1ab8015c918	18e17097ef3cf13b514c1706cacd7a40b74dbdbfb462226a328aead68585d310
orientation/orientation	gemfiles/2021/orientation/orientation/Gemfile	562c55418252b05c01140ec0ff102e4d451b4ef1	3f276f12c7773cb391a9373840d604755c9cb1cc28f359be6d871c5ec9444032
ossboard-org/ossboard	gemfiles/2021/ossboard-org/ossboard/Gemfile	adbe7f471b18e2512aa0ffe1f154d8602ba70a67	c759d45413d378cc1d9cc05fd9a7b1a82adf1a0e555368262e259e4ac00a7fea
ossf/best-practices-badge	gemfiles/2021/ossf/best-practices-badge/Gemfile	235d70c52d79323bac706d21461f2a9e5a83a59a	fe4b7fa9efe03bf69f285b63addeea5fca3cb3729d8b42a23015a3b3ef63599f
ossf/best-practices-badge	gemfiles/2022/ossf/best-practices-badge/Gemfile	70b3acc6ec1d5f78c412f082a63f588255070a33	4c2f490f30bdba41884e1847e0acfd680dc02be2d1650f0dc8590fe58db0d048
ossf/best-practices-badge	gemfiles/2023/ossf/best-practices-badge/Gemfile	4c6f2763ff90db23f84dc91174588ef3fe40eb6e	9caa580afebe326d890e557e04d0f1620943a5616b06ff069852d3f53b135de0
ossf/best-practices-badge	gemfiles/2024/ossf/best-practices-badge/Gemfile	a7ff9f4aec62e339220a466816410e60612e386c	60da15fcbf4288fda057b23c205f94a1b7f3618fe91f9075c41da1676a3ba17a
ossf/best-practices-badge	gemfiles/2025/ossf/best-practices-badge/Gemfile	e6cbffb9792d69da0f9796836cead44db9f4b087	1b9297ae71792deb51c80daa715fe364c111c182b38b37744508ee73271b76f9
ossf/best-practices-badge	gemfiles/2026/ossf/best-practices-badge/Gemfile	75560e376d7c40a353f2d3a885c3919fd1255026	e6363ffdb6f99a6663733e11d5c2587be777f4b24a0b064b8ffdd96d4a37e33f
otvorenesudy/otvorenesudy	gemfiles/2021/otvorenesudy/otvorenesudy/Gemfile	33a65e70f38ee3a1ccaae910ca8e95d2a8ae9723	f915ed257fb68666a3b5e36e174d8c5742d15fad7285862e234128941fc48273
otvorenesudy/otvorenesudy	gemfiles/2023/otvorenesudy/otvorenesudy/Gemfile	bb4be0b55de2b07e2af9782be2c945e5a7133050	d56e978d31d4c598199ae3c70325aee1bc00ab6dec1a1e808faf08c2b3824227
otvorenesudy/otvorenesudy	gemfiles/2024/otvorenesudy/otvorenesudy/Gemfile	5f47acc05de015e908a03a7cd40b416480e2578c	05d18d70e72cf6f1e905ee98675e5e0a94d6c1cc8a6c529a21ead3abb792c6cf
otvorenesudy/otvorenesudy	gemfiles/2025/otvorenesudy/otvorenesudy/Gemfile	adaa526452b16ce488cbd0b558f14d9df66fc43c	534c33ce446390268d74e246ca2532aeeac231584428521e70d3dffc375f2e96
otwcode/otwarchive	gemfiles/2021/otwcode/otwarchive/Gemfile	511dc9054b076101f810a80a6369ffb1dcea3869	de85b42c6ded2cd320c3bba57fad5bb669bd690300fbfb7eb218c93126018f15
otwcode/otwarchive	gemfiles/2022/otwcode/otwarchive/Gemfile	db121b3137835668330ca0172d38320a95dd1431	1befd6288d2ffccadd679f34a0e8f9457d5c2f52e8cb7eba1a9d8788444f6e72
otwcode/otwarchive	gemfiles/2023/otwcode/otwarchive/Gemfile	e211c6bb9ad792e344aacb629020c3bc92576b0a	3290896de02aebaac0a58f5baa245c9dc1e6e898099b6a257bfa2b68269215fc
otwcode/otwarchive	gemfiles/2024/otwcode/otwarchive/Gemfile	e785293b798883df9ac8d9840dd32ecf761c323c	5b88779494b49c3dc931e890faf8bd774343a4cb8a5e75aeb4529fe6c2eea69b
otwcode/otwarchive	gemfiles/2025/otwcode/otwarchive/Gemfile	027cbf272402ca467a4c47cb7e4f0681c8342abc	7c18559226e1d60f8925451a730e7cfba5acdaab80b80f0a2266e9bec296f232
otwcode/otwarchive	gemfiles/2026/otwcode/otwarchive/Gemfile	9dd99008f52ccc726978db131181421f4eb38fe5	9df3bbba1ef8646051afd11de59291e90ada2a7bbbca83916612278474959c68
owainlewis/ytiq	gemfiles/2026/owainlewis/ytiq/Gemfile	7ad37cb3ce05332779042c65a3fac4e8cafbab82	34555cd62aef25ba3865ec4b043e5530c24b499c15e816be20c70d64604f7080
padrino/padrino-framework	gemfiles/2021/padrino/padrino-framework/Gemfile	87a299bd9f2ee6a71946ce66311fda7a34a4bb16	83e44f46cc6004aac4e1d20232f096af08105069ab6d2e92beebd2c88d7a09d6
padrino/padrino-framework	gemfiles/2022/padrino/padrino-framework/Gemfile	e1f5314c988880c64b9d0c72e1b23db95e76a027	6de797308f837e71063705f24e4e8dd504b7227825c0a623d7a29fcb86706d9c
padrino/padrino-framework	gemfiles/2024/padrino/padrino-framework/Gemfile	283a22bd31c26f6d6a1ffb893c4a16f93c85e7db	cb9ec9473b73eae405d274a7988841940d41f5b7d02780a28cb0960da275de4c
padrino/padrino-framework	gemfiles/2025/padrino/padrino-framework/Gemfile	a079eae8d9eda238cfdb131d197493d2f919c715	4fd633acb07983b630448fc64a279f6c6e656703d29d55ec0f4243143b540925
padrino/padrino-framework	gemfiles/2026/padrino/padrino-framework/Gemfile	167044f3d56b2bce12f943eb826fdb0b0ea94375	3dedcccc7f3508b59fbb53770d7ca5f48972204e6d37933c9fe3fa9d6e485c5b
padrinobook/job-vacancy	gemfiles/2021/padrinobook/job-vacancy/Gemfile	186a7d58418ef84bcf0db5383905a3ab5f8c621b	ece5f1d10949da606e96d39220181cf7035c2e1767584411ec069261a64f6170
padrinobook/job-vacancy	gemfiles/2022/padrinobook/job-vacancy/Gemfile	9002b1553709a0bb0c5f0c4a5af56917c073fd88	57552b35ca94e789372a7745562c2db7ddf1f71b9993de8113916a9e390c2544
pasted/clinical_variant_database	gemfiles/2021/pasted/clinical_variant_database/Gemfile	f17aa31963647e3a760077089df1914ccd8c1933	7e72917cb4b8d70fb58ec66d734ed544669ffa738f12b1b84ac3a271adeb1ddf
pch/rails-boilerplate	gemfiles/2021/pch/rails-boilerplate/Gemfile	906ad9d1863942f3b8f55471d0d65565b0cc4c44	52042c5a2aa58b1b7f25a9b99981e9257efc26925b7fda1994e1437dc8f6c927
pch/rails-boilerplate	gemfiles/2022/pch/rails-boilerplate/Gemfile	aa97f0298ad29c1123881eeb62e2ebcb321582c6	72566a9cd4558698ca5576c897cc43033690abc62da70d017779ae3ec82d761d
pch/rails-boilerplate	gemfiles/2023/pch/rails-boilerplate/Gemfile	cabdbf68fbb6c01471382d4cfc850f972eac4054	edb38ac41491d5211191b0e8716b76851cd712af09478aa988cb74195661005a
pch/rails-boilerplate	gemfiles/2024/pch/rails-boilerplate/Gemfile	d54966bca49e4946efbff76fa50ff36831fd5738	7d32353b7dcdef329ab9e6a6848aa1b3c898a4f265ab2e69282ad987272e6894
pepe/Lime-tree	gemfiles/2021/pepe/Lime-tree/Gemfile	6bae5b785cfdc9a9d14b2be22dac386210073323	434ec01820a90e0fd91ab2d68b9164b020d9e4e79eb2c3ce1650a20e9b4738d9
pglombardo/PasswordPusher	gemfiles/2021/pglombardo/PasswordPusher/Gemfile	3df73de052cb75ed6cbce55ed2999f4a4e02a48b	10807773b9fb5739e1590960671eaa39bb04fddc98a3565231c96427d0ec8cab
pglombardo/PasswordPusher	gemfiles/2022/pglombardo/PasswordPusher/Gemfile	3d114291df4e5a2bb1c711292c307297ac45be4b	4103653fcbb86a1f0e4c379265f850e1449bdd3106e6c302ce4fb4220241068e
pglombardo/PasswordPusher	gemfiles/2023/pglombardo/PasswordPusher/Gemfile	c09e3a524a92f6ce6ea18f3ad204e7c7378c77ab	ae34470db84affaaa9bc605a9e4ec148ba84e36f897c8a4ac2a5feb77feef93b
pglombardo/PasswordPusher	gemfiles/2024/pglombardo/PasswordPusher/Gemfile	7cb3bd00d2c4f3cf1407758bf7bcc7f3b75abc27	9776f599d4e21326fca4e0e0ac8db5f9a43328557b3a0224cd22bc56b229f9ca
pglombardo/PasswordPusher	gemfiles/2025/pglombardo/PasswordPusher/Gemfile	9869098cf38d89c76abc2d6bfee2438cce61ce1c	10bae4f5bb44a54737bf2e12bb0cd9db6056542ceb39ab0cee72ab7860ade979
pglombardo/PasswordPusher	gemfiles/2026/pglombardo/PasswordPusher/Gemfile	0607d976594677c14f9a9f1beea20260f5be6b93	27ec93d0ceddb41546a77f321aca3097a2d3b3cec0a3dc8e0ab929c399a479f0
philippe-nougaillon/PrestoFacto	gemfiles/2021/philippe-nougaillon/PrestoFacto/Gemfile	19b69aa9e91928b9d0aa41777de0c524f7f997a5	f87c166249c5c7813ee89b8174f2fdb978a1a1a35707fff391260b84c3e38d16
philippe-nougaillon/PrestoFacto	gemfiles/2022/philippe-nougaillon/PrestoFacto/Gemfile	e3e2579ca6d67b402702af1ac39d691f0075d01d	102fb70d37c97d36a5fa4f9b98259bded561d61f861bf3babee66edccceb7ccb
philippe-nougaillon/PrestoFacto	gemfiles/2023/philippe-nougaillon/PrestoFacto/Gemfile	bd2b0789a5cd4b9f673b11569e7e4026c81a952f	234d7ee68b7e5697998313663701d442bc4f54a6981022c3a59860e17a341004
philippe-nougaillon/PrestoFacto	gemfiles/2024/philippe-nougaillon/PrestoFacto/Gemfile	16309261728bf0d0e4562f118e7a0e533de20492	88247f5839d3f07cf74cbfe4d2241fe0bd75ffd6a9d044e019b9d15a19567e1f
philippe-nougaillon/PrestoFacto	gemfiles/2025/philippe-nougaillon/PrestoFacto/Gemfile	b0085821c42dbad8079c99e8d9a455324da84156	ca9fe0f5e84a339036573496ccea53727129893739e5fe27579582f0fcf2b58f
philippe-nougaillon/PrestoFacto	gemfiles/2026/philippe-nougaillon/PrestoFacto/Gemfile	784de5154c2c352bc97329b6746b081ce7c13464	9a781704c66b3200b6fd50ca5cff1936db460e183edcd58fd06b8a9ae466aaaf
philnash/sms-messages-hanami	gemfiles/2021/philnash/sms-messages-hanami/Gemfile	8b3562400aaa61aa3e005c3b39946d79daae2ea5	522e6ae35f7e164f79045d823a2347c3bb7fe3dcedacf8483ddd8ec97fff6109
philou/planning-poker	gemfiles/2021/philou/planning-poker/Gemfile	2ab8f37224c233b5fed1e86121ffd05b021e6129	c653629c47a68653574f9a38d644ea989750c5721cc76a2fa535741aa7f4ed14
phoffer/hanami-activerecord	gemfiles/2021/phoffer/hanami-activerecord/Gemfile	7d1a22bf72bf8d6266f62030775b3cc3b60d32ff	ca05c0e8a47c093046217d3ef05e0185ed5cefbec874768cf2df4cbed4e07d5e
phoffer/hanami-better_errors	gemfiles/2021/phoffer/hanami-better_errors/Gemfile	38d00fb3e235482630d9ee8341ddee8e1023e07e	957b6257b603918664a2b0c41046099e69ecf424a4a6873256884d6265ad36c2
pickhardt/betty	gemfiles/2021/pickhardt/betty/Gemfile	f95c4e3b9ccda2ac70b6fd6cf56a4f1616604298	f97e48acbe5e15fdbbe5a8350400b1f00a0f958f9b0d0bf8a8e26b5c48438de2
play/play	gemfiles/2021/play/play/Gemfile	cb356275284668a0b005e3e215526720e042f884	d630ff26c05875fca7e3bedf2e3aeaebb08203196fe4cc34d57e652eb1d26d11
pluosi/app-host	gemfiles/2021/pluosi/app-host/Gemfile	703ed3952fc4d2e51bf0e6dade57309c3fb32efb	659be38212a4e18413fc34917843d07b1a366cecdbaf4d404601e007466eb873
plusjade/jekyll-bootstrap	gemfiles/2021/plusjade/jekyll-bootstrap/Gemfile	819386977cb483691f4ad77a3370e726f70ae98d	8d03e9814e1f25d72bd582e3d930296b3c16f85be811db001daea91dc76cc5fc
pointerish/Ensemble	gemfiles/2021/pointerish/Ensemble/Gemfile	b48da65b3bc04f1a5f5492ba8c17f4f6ba8081e1	2aed674b3e3de53b477ac88f890b89019fb976540d1f83ae7929e9f948293050
postalserver/postal	gemfiles/2021/postalserver/postal/Gemfile	1beb30869aa3009c121d32c9b5bde4cbd0a5c8ed	36f079431dde1cfd788828de38dc4ac1c0932e8fb6b14f499e5503a0cda2903e
postalserver/postal	gemfiles/2022/postalserver/postal/Gemfile	a7dd19baac8300f4d8ee89d0050479e08fdf9176	5e72b4d613649745415703640243f4a5d39a382feb240999964b9d7e14485643
postalserver/postal	gemfiles/2023/postalserver/postal/Gemfile	2f62baa238fc1102706ee4acf079b7a876b05283	89907d9bb3a914f26a6c48984cc7f82be1a956c66394d0bfbe2b3fb34ab0d8a6
postalserver/postal	gemfiles/2024/postalserver/postal/Gemfile	fd3c7ccdf6dc4ee0a76c9523cbd735159e4b8000	a9cb40a4d5da760fefbd88c534a951c964c7b9fe954e02696824d3d66c337e5c
postalserver/postal	gemfiles/2025/postalserver/postal/Gemfile	b7e5232e077b3c9b7a999dcb6676fba0ec61458e	a55b9efecd3d264ee50248a2fd23e7a7ac1b5319307698616449d457788497fd
postalserver/postal	gemfiles/2026/postalserver/postal/Gemfile	d96eddbadeda600595d6247486f9ceb8e99cbc15	dc1ae39e1d2279a95e0e331ffc164a01ba0dd739e48757cfc0d21fc5752dd5c2
poudelmadhav/bookshelf	gemfiles/2021/poudelmadhav/bookshelf/Gemfile	377fb8c361ecd9a674756c3959f685a76cfb7067	5ee52ee4422d818f75cb7ffbf8647abaac808c5bc12652d4ca8c046fd8735116
pr0d1r2/myvod	gemfiles/2021/pr0d1r2/myvod/Gemfile	86a60ef784c21b5c1478370e49dca118802f515e	f09addccd977e17fa4a2cd78d6bf33f627d339676802bc587c233342c9009284
pratyushrastogi98/hanami_bookshelf	gemfiles/2024/pratyushrastogi98/hanami_bookshelf/Gemfile	42f548fd92ada6ca0fd88698621dd185858c575b	c0acad9a325e20e7b8d883016411913fc9548179664deb69f1ff586dd0c2103b
primer/octicons	gemfiles/2021/primer/octicons/Gemfile	6933ac32f87a2cb5efda4fb74b39d1e6199134ce	99c2578eace6a9ce902033b9e92eacb4aa493c7548d07077cb46655b5afcbfcc
primer/octicons	gemfiles/2024/primer/octicons/Gemfile	ac9d1a72be8088a6b145d7ddcab424ffc0ebe856	68a015789c5879eca2ae33485c7582bbd78ef4be7d55f04687ebf532385b68b3
princetechs/opensass	gemfiles/2026/princetechs/opensass/Gemfile	e5e88f3f6d211871ca4176b55f9fdc02747c3a04	dde80218b2e796768a6c8bb4ee9348b6d9add008efc1bc91afc8d4207cf4614b
prithvi16/ossdatabase	gemfiles/2022/prithvi16/ossdatabase/Gemfile	ac73e7a41473d77576ee308ef63e5248edca77d4	c3ce65dad0635dfba12277dccc497b3cb96930a43c7a59d46fb4419aa0b5505e
prithvi16/ossdatabase	gemfiles/2023/prithvi16/ossdatabase/Gemfile	3aebba6a033b0e3c70c95abcf8fbcf14cf9e08af	9810619f35df78ef47f4a197b769dea70c67d7e822ebd82268a6d6f0ceece287
progapandist/coordinator-bot	gemfiles/2021/progapandist/coordinator-bot/Gemfile	1a8d5ec940c093d1b5f7a95aa1384607f0b5584e	464f94a0d9a1029802cad5bbccd0f100c60a9ffcf814e26c39905d389e773af3
progit/progit	gemfiles/2021/progit/progit/Gemfile	61833a527c6ac0c44cc40793c034b81599c25efc	157aa875076662793455ea7e71d0b7474fc8887a74dab5b3edd4c9e8faf8efe0
publiclab/plots2	gemfiles/2021/publiclab/plots2/Gemfile	9198f100b36f4d8bcbedf20b79112868e8ce1278	cb584c5d6006a6046a612c18a4add705ae71d653b1296a1491ccb4ed0182c334
publiclab/plots2	gemfiles/2022/publiclab/plots2/Gemfile	f845ccdd3bca3a78cc824c5954d0b41f23ffd4e1	e930b452a0a57160fb7a1083231e0a275cc9e47bc39151a6ffe96e3147320439
pulibrary/orcid_princeton_hanami	gemfiles/2025/pulibrary/orcid_princeton_hanami/Gemfile	60f401ddd0e42d99fa2d896456a3b566a914b305	c3b425d5e0eddea2925cd939ebbb2835440f53f781156e2e5c975ff88f9872e9
pulibrary/orcid_princeton_hanami	gemfiles/2026/pulibrary/orcid_princeton_hanami/Gemfile	6fae112504f8c0367e94b3abbc2bd1c8c50ba60d	dd8ae493d45ca1a1b50448d0644914c740c7ec8efeb5f82da8e95f9f64bfcbbc
pupilfirst/pupilfirst	gemfiles/2021/pupilfirst/pupilfirst/Gemfile	7f7579673f0a7dd08f7471525ba994f4632bf005	23fe0f8c69f825b921b19d965af7724d2e1e692aed00b55ca7216bcb75be7d32
pupilfirst/pupilfirst	gemfiles/2022/pupilfirst/pupilfirst/Gemfile	e3eaee749e417e0da3a9d6b6fb08ae1bfeac2816	88c1b3d5dd211d2d9d91235cada9c1ecd801032b50c9ddcf681d4ca4d1f0e61c
pupilfirst/pupilfirst	gemfiles/2023/pupilfirst/pupilfirst/Gemfile	fd0222ac621e7cc3ee55b590cf904f135de8fd2c	0478cc4352ceba2980812290afe4a1fcda0ba1ff93ccf1eaef373f6e04323855
pupilfirst/pupilfirst	gemfiles/2024/pupilfirst/pupilfirst/Gemfile	001ec461da8042f94d31288931a434898fc29a2a	ce8fb4e5a5991339705cfc8bc4f62e805017397a4e5fa378f604dbf1399c3278
puppetlabs-toy-chest/puppetlabs-aws	gemfiles/2021/puppetlabs-toy-chest/puppetlabs-aws/Gemfile	c9a1cc8765ae66ce90dc20cc2defa91734d648ae	1c31289e6242b1fe5bbe1b9e132a6f9789d219384e413273eb6b63e6754052e4
pwnall/igor	gemfiles/2021/pwnall/igor/Gemfile	623611d007591c8051bab29c8379cc0ca21ef498	819c17838126d89a92ad7eb013300327a5f0cea858010851c16ce345eac076e1
radanskoric/hanami_auth_sample	gemfiles/2021/radanskoric/hanami_auth_sample/Gemfile	ff7d15ae5c0095f8876b8eab93009369ce23e3f2	247a84acf05b7cc5ad79ec7257eea5a040c010338002cdd8b993f70e600a55f8
rafaels88/pinfluence	gemfiles/2021/rafaels88/pinfluence/Gemfile	37247eff461a2dc86cb53ad2f4f97c6dbe4cbf66	e7e4b2a5ddc454ce1ba051147f088e2f78f7ae8a8781bf1b4fc075ecb4c7c1a6
rails-designer-repos/rails-8-authentication	gemfiles/2024/rails-designer-repos/rails-8-authentication/Gemfile	f650dd581facc616576e5edf090ea654fa1e4d40	ad541f1b50a5a258eb8c9b4b7b1f858b42f9c9fcfc8fc6c8e825ad07bd266e8d
rails-designer-repos/rails-8-authentication	gemfiles/2025/rails-designer-repos/rails-8-authentication/Gemfile	77babe7c73a3d4c0db9536f93de1ce31d27693ea	fbf96a457df9b24a5f215b9b19eeef43cfc5d12e6fa1d9ba30a0d137f1fc4ab9
rails-designer-repos/rails-8-authentication	gemfiles/2026/rails-designer-repos/rails-8-authentication/Gemfile	507ccbf932d6b72071f9feb8e02d3ba6fdde7744	f1e50e365d1f45587e48dc17baf35eff0350211d514543a523dcaf53e8a6079f
railsbridge/docs	gemfiles/2021/railsbridge/docs/Gemfile	396d975da638728dde7160398f510aa9497b9f46	8069407fed997142b0d55f3e020ea48489bd91f33f8437e63a093b3293c18034
railsbridge/docs	gemfiles/2022/railsbridge/docs/Gemfile	75103363abcfd812f3a7985acb9a3c3eac2061d4	b0c6a679778f700cc90c08e9c0b23c56ac0bcdf64a12a4b5444a406d595c884b
railsbridge/docs	gemfiles/2023/railsbridge/docs/Gemfile	80901fbf7a5a4ad48bbcb6f4d63dcaa064c209b2	08100e21c85cbdf12b2f3ae19906c9739e2b1356d1449623ecc01942cfb397c2
railsbump/app	gemfiles/2021/railsbump/app/Gemfile	7f6b6bac36392934b94434a2a8497cf129407cd3	6b71d02bf452707879ca9a9acfd20cd46894deb329bd6ae6cd578e0bcbd19cf2
railsbump/app	gemfiles/2022/railsbump/app/Gemfile	b62ef94cedea34b67aa3ededbda2fde4a242ae28	f792696dea8573bf477899bbde233a7671f12d304566cc25c1c73ee733e4c882
railsbump/app	gemfiles/2023/railsbump/app/Gemfile	70f31f3eda98f2adad3834bbc0a6d85a00415094	676bf88b283f90f0fbca1bcfe1ecf96891e34fbd59e9aa81817a4bd61a480787
railsbump/app	gemfiles/2024/railsbump/app/Gemfile	0b76cb87bfecee65ef640c92916044377d85ab7b	2833b2dbb02ba09a5e6729984873d7cfecaa27dd286675b1b6b01108ee0e40b7
railsbump/app	gemfiles/2025/railsbump/app/Gemfile	4697f35fe03ba96bd27774999adf20ce6a03c38e	e74c3584dd7f1334afc75d4d03063b51f4e9c6034db9a6a014c6a530ccde88f9
railsbump/app	gemfiles/2026/railsbump/app/Gemfile	f06a6cd368977b0f57b3845cd319229971cb3502	8eb5d030425a23a3916ab03b7a61a31638a280acdabf3c0e215408a7b3b5e3a3
railsgirls/guides.railsgirls.com	gemfiles/2021/railsgirls/guides.railsgirls.com/Gemfile	2b4e0faf692ebba1c32fc09c9d8d3bfdf62981c0	de8883052bd40824b79062d0621b38e33af281d6384c24de856794986ddb6846
railsgirls/guides.railsgirls.com	gemfiles/2023/railsgirls/guides.railsgirls.com/Gemfile	5fedd28d154113c14b7f2da3499787e0eeade65c	979b2e605a1fadb3a8f14e64019061366111bdf7c595770046d9d681d5929088
ralixjs/rails-ralix-tailwind	gemfiles/2022/ralixjs/rails-ralix-tailwind/Gemfile	9ee3ac8b48e4ac876c080b3f0b11c6de1b32b7e1	90fdcc417c80c102990d4c2662d5a9800a5f8f99ea7e23a24816496062f3a8ab
ralixjs/rails-ralix-tailwind	gemfiles/2023/ralixjs/rails-ralix-tailwind/Gemfile	1fd448d616858e48f298fdf76c7c3c548b4a3331	340c09f188ea8c2d93f68c2218268c1b0fbceb4884f11dc10fb141c4d2e1b6ab
ralixjs/rails-ralix-tailwind	gemfiles/2024/ralixjs/rails-ralix-tailwind/Gemfile	f8dc2b13916a4a8d36a495e3e09605b7b1d8f174	62ae67c2e65dd6dd2b72da06c1c4b2364658132804ccfe2e79d0f90f681e6cba
ralixjs/rails-ralix-tailwind	gemfiles/2025/ralixjs/rails-ralix-tailwind/Gemfile	b467c16783f6f45a6a50350e36e2ca40190b09b6	df50586538953d79d383bcf602da603fe145b7c50198685ab13aa7391eaeb5c8
ralixjs/rails-ralix-tailwind	gemfiles/2026/ralixjs/rails-ralix-tailwind/Gemfile	e4c22d677ee4dac08add67224c54db3afd1765f4	ee05b66f5944c50f43e4883e04de72dc3287eedf7c8e236e053615873b3932ff
randy-girard/app_perf	gemfiles/2021/randy-girard/app_perf/Gemfile	a98087b16daa9121602636b1c969377bfd650e3f	9942387e8cbfab54f16c0ba11fc60ea3b32d121f414def51b04dc4b93b2a84ed
reclaim-the-stack/talos-manager	gemfiles/2023/reclaim-the-stack/talos-manager/Gemfile	9fc07aee07b1dcac334bfe0042378ffb0bcce168	0acc379c6824b631cef15f05f66bc33ce0fca1cc6e6c0becd22d910ba7eaf30d
reclaim-the-stack/talos-manager	gemfiles/2024/reclaim-the-stack/talos-manager/Gemfile	88158df603ab5db842dbf99617cc07db962cb954	432e3eb543c46185da2d685300b85a64a4a61998fd328a3c90a865624a00d4d4
reclaim-the-stack/talos-manager	gemfiles/2025/reclaim-the-stack/talos-manager/Gemfile	c27f4fc046d3a126c06d951c569cf34c740f29ee	52d53e314c6215535ed7259fdd14217898869e306013110670f49f448edb66d0
redbooth/teambox	gemfiles/2021/redbooth/teambox/Gemfile	87417c27d60be799848bf9fe9d14523eb6357b88	f003342adef87806072daab21aa6820746da02f3c08763c58463dde16b3300ac
redmica/redmica	gemfiles/2021/redmica/redmica/Gemfile	9d876bb0269db2e840a49cbd0192f68bc1d6ab48	45b768eb9713611c80243c88f83442d616f25eafb7d90311eb632d1871c72385
redmica/redmica	gemfiles/2022/redmica/redmica/Gemfile	0f36b0ed00d2131847c116dff9ba9d99e6dc343c	56fd7fbbe1bdf0b18b0fa1487b00eb24287b5e0430c51c61ccdab9f0c9016eaa
redmica/redmica	gemfiles/2023/redmica/redmica/Gemfile	47161c5c9abea14220d8463ecb683b76bb8d9545	ff5b69759b6e64f02ed16ce5f2812583251182dba5935d6633b4ea474fdcd784
redmica/redmica	gemfiles/2024/redmica/redmica/Gemfile	0fb0579fc6ad61d2e2ec96517ed710b408632c23	6c43ef58c2627f0d51b6e8f30edfae82ffd688341172f4b598df36fc5f38f7c9
redmica/redmica	gemfiles/2025/redmica/redmica/Gemfile	dd9efbf93b8631adb1740dfac4c94ddebe3451ed	ea9b53699fe61dfda351d6490958ab28f1ec1c88f478651b31ff960b45a17f29
redmica/redmica	gemfiles/2026/redmica/redmica/Gemfile	e2530646b1eb80591507ceaa73602228e895d1fc	34333d6d3541271e747d30394533a9c9f2349ad7c033f9910c3b76cfab5a4a24
redmine/redmine	gemfiles/2021/redmine/redmine/Gemfile	3da6bc46fdf0451d5972df4a6543264634bdb3d8	072e1eb5a99163000ebd982276aef901adeed7527192d6b754c7681a6d27c387
redmine/redmine	gemfiles/2022/redmine/redmine/Gemfile	eb399b83a500f77469011cc27da0b0cf15ec3937	5631443f661b1328407feb25de483358c9ec1e92cb8ff86eb470b73b03af81ac
redmine/redmine	gemfiles/2023/redmine/redmine/Gemfile	ccee193f388a0886f10f46265bc8a085e20a426b	5f4c1d3b4164f94d6183a17ef0606e4300f1d4f611e230777ec66977c2875ba2
redmine/redmine	gemfiles/2024/redmine/redmine/Gemfile	254e8353be809223d2911b5bc02ecd98db954eb1	1f38df142610eea08208450e489ecb315c67f1e95089040d16f785c940eaffc7
redmine/redmine	gemfiles/2025/redmine/redmine/Gemfile	1269bbd72472bfe2b83d4d255613c7abd4eecdda	ea9b53699fe61dfda351d6490958ab28f1ec1c88f478651b31ff960b45a17f29
redmine/redmine	gemfiles/2026/redmine/redmine/Gemfile	72914fa610fa822e615e4286dac672098f10888f	34333d6d3541271e747d30394533a9c9f2349ad7c033f9910c3b76cfab5a4a24
regismesquita/SyFyHome	gemfiles/2021/regismesquita/SyFyHome/Gemfile	c8a30d2d5c888181856664c54fd6b6835b579e23	4c7ef3cafa1f6ff74676253dc5de0f44d4f9dfebdb223ad0e6496ab7bb2c60a8
restarone/violet_rails	gemfiles/2021/restarone/violet_rails/Gemfile	9884caa1b98971b36002656e6d1f993147285d30	ecba440f433bb7c4e2d3b1cc958fac15b057b38240f62e4995b2eb574dad8b16
restarone/violet_rails	gemfiles/2022/restarone/violet_rails/Gemfile	47e14512a2da6c21a58953f2c143503f56ef08e7	d3ce4a00ec5fc1bea98580c3f1eef522c17deb0c604374a542d23a1b208b396f
restarone/violet_rails	gemfiles/2023/restarone/violet_rails/Gemfile	ed4656fa50f3461ca9e97e6d88944c7f5417c89e	4cd88495845be014c46f5aa9f8b0a0749721cbc47bf5e48d6df13ae5e827aeff
restarone/violet_rails	gemfiles/2024/restarone/violet_rails/Gemfile	fd8019ec31b750c7b186ec43193f2ef71851971c	fba880cec3d735a71691bde2f6323747d4fa18f450569ff7fd94d1945ff08694
restarone/violet_rails	gemfiles/2025/restarone/violet_rails/Gemfile	2bb01bacfa35e334261f2c648b7c4a30a5f96533	7ac777f8708a6068f28d7d6dad332484dfb5b8ecf5c7929c9a6ac9f41cf2b575
rlafranchi/foundation-apps-rails	gemfiles/2021/rlafranchi/foundation-apps-rails/Gemfile	e7ab5977e125bcae653817a2c8e6bc31f7f85091	1a40c1e9e1afb6af0d1600744d4fc70b8f64f11bf3108f9096f74c6705ec8cfd
rlafranchi/vuejs-rails-example	gemfiles/2021/rlafranchi/vuejs-rails-example/Gemfile	9aec51eb85d4f8ed1a3e218ec9cb90b1b496e976	846b49dd1fd83955b4ccf06c6c333915a8718f52ba1787715b5bc4cd884404c5
robinbortlik/db_explorer	gemfiles/2021/robinbortlik/db_explorer/Gemfile	35f30510b64311579baccfaf459163921623b5ec	321d0248fc257c81441ea73d3fc222300b5289000bbda9133bdbeed7817b2d26
rootstrap/rails_api_base	gemfiles/2021/rootstrap/rails_api_base/Gemfile	53a4017086cdac7149139cac3587577c377bedb2	15b7bc99cbfe3b97aa2dc57ece47753cec979618b82d711d8eac28c0dc15103e
rootstrap/rails_api_base	gemfiles/2022/rootstrap/rails_api_base/Gemfile	1942bc6a87ebdecd8dd8946649df7574de074f8c	9eb975a3551c1e36083bba95ae87ca975e2f8527d4d551aba963cbb7fa22d5fd
rootstrap/rails_api_base	gemfiles/2023/rootstrap/rails_api_base/Gemfile	9d9d948274bf5101e9b3c5ea5c552e7db69e2718	510dc20615ab1a669fcd3c215cbb7591e926a10a3c8be78691324e9f9ba991c6
rootstrap/rails_api_base	gemfiles/2024/rootstrap/rails_api_base/Gemfile	d29470115a5532e4b9235cf35c853fb743f60f4e	2a326b9666d3b05d1af730293357156351f8e15afced23128839271dc24c2b18
rootstrap/rails_api_base	gemfiles/2025/rootstrap/rails_api_base/Gemfile	22251aa8dd14cabdb0553bc0240fa183ab18a531	5e22cb64092ca519047ec7cc5cf704af505deb83d4071af54fe6bca8f37ab6c8
rootstrap/rails_api_base	gemfiles/2026/rootstrap/rails_api_base/Gemfile	cf432549d3d531b0451743fdd1235d32f5fbc5f1	5c742ff0073fbdb23933eb7bf931a5685aa57c6da3cff13496da057f65cab64d
rossta/github_groove	gemfiles/2021/rossta/github_groove/Gemfile	8c321547b88d07e19936e915ecd4b71e24e9ce5c	b2dede85bc9a363595ba88224f919ee1bd760b75874aae3b2c956852edbb2671
rsim/backbone_coffeescript_demo	gemfiles/2021/rsim/backbone_coffeescript_demo/Gemfile	f157981969d9ff3e044bf238af4484580c7a6a7d	56a3700fba12cff7268eb7ad2fd1f2641f5962151348d2a63a4446aa1368337c
rsim/mondrian_demo	gemfiles/2021/rsim/mondrian_demo/Gemfile	9f04e4086cf468b188480b6077b3f4ab8c4abb7c	14bd71e561e7e6e58b18e90212408a9b00101693a488898fede76df7d4da86c4
rspec/rspec-metagem	gemfiles/2021/rspec/rspec-metagem/Gemfile	694150e421c797e2e4d6e252c9bbeca0a4e2d79f	ea16358f67b531f51f6c3600da5a02ac46de1587d311f18b148d681a98211329
rswag/rswag	gemfiles/2021/rswag/rswag/Gemfile	a813b63bcc64e9ea49f6416ab4fe023b7f090ad8	1a4df35b0ce509885c46822bf9cd1c093ccbe22cea6aeddc260d3a7954b5ed5d
rswag/rswag	gemfiles/2022/rswag/rswag/Gemfile	bf9f712429b59ebf8fd75f4d5e0fa71e08da5770	435c4d8207c71eee4cc14c6947677ff43508c573521bb7f336cd5407d2c79e24
rswag/rswag	gemfiles/2023/rswag/rswag/Gemfile	6184a79c15fd8dd7bd75101e348f1d27386610c0	3e31f0165b5ab1c42719166c9dc27cb56e063f71be60b828f2a31a1ac7b711d9
rswag/rswag	gemfiles/2024/rswag/rswag/Gemfile	4659911d6e68dde3fd43af27c9e905746f31d885	bca02ac3a6204f40154c08cb1e0250ddbe7cb01083d4e6591bc3c07151ab7bf3
rswag/rswag	gemfiles/2025/rswag/rswag/Gemfile	0a5a04983b5fe16f1698f2acf7ec787bf08ebf08	efeab5830e9f0881f356de76a2b2a1639affd9ecf0942e782d5a58856c4bc832
rthornton128/roda-graphql	gemfiles/2021/rthornton128/roda-graphql/Gemfile	f9871c0d7fec46d9779f38fe21142f8d96f06cb3	7a9db0339cffc322d49f5a2bd0ec2f451a9f7799833f40025a12dd481ef28bd1
ruby-amqp/march_hare	gemfiles/2021/ruby-amqp/march_hare/Gemfile	9768952423538f3511e6d3ef14065cf1f062f8cf	9121a283561c43e354e91432d89c21acb1281eac365e94318173a0eb915a1a56
ruby-amqp/march_hare	gemfiles/2022/ruby-amqp/march_hare/Gemfile	4e6569dbf0f92b49f9845acaf1d2e981fd210628	3c6ada56fc8656e738b26152c1a1527ca1b657957f2e8e64e6441af043b519d9
ruby-china/homeland	gemfiles/2021/ruby-china/homeland/Gemfile	a5d21d054e838811b038e0bea133cb708435a4c7	8b20fce45b79df43160b8864f37417b100a681230f215b0b3cb4be7005bdbc2c
ruby-china/homeland	gemfiles/2022/ruby-china/homeland/Gemfile	f9580421c486eeb1b5733044af6c08c19707dd4c	0353d7e0918a891b5f8f66a1fc781f460ed8a6f261aacb233d7ecff21c956a32
ruby-china/homeland	gemfiles/2023/ruby-china/homeland/Gemfile	2287506295fe60a6b775b31da3c0284a6bccc906	a64b0b7024a3db7522bc4e308887982dc8c41b3117666140edd7c1a4035614ef
ruby-china/homeland	gemfiles/2024/ruby-china/homeland/Gemfile	cfbab656ea1f03d7293df2bf955c0e6e28cd0451	b3afe24324e88b107c597c03a7668780f89df0fd74a8e35444a408681d065a80
ruby-china/homeland	gemfiles/2025/ruby-china/homeland/Gemfile	9f5dbde5b7ce92b72bfdfb14622a784a2805e412	f9bc403085a43ec27112ea7f161f1cd88658fdb1b5333eabca2bc51aa9e9d6ea
ruby-concurrency/concurrent-ruby	gemfiles/2021/ruby-concurrency/concurrent-ruby/Gemfile	5b37a206e88a71939c76cd74854ab223edd56ab8	367bf25c9379981cc2a77abfe78c9a410cb98b4f4533951b4d5aa375962a0e50
ruby-concurrency/concurrent-ruby	gemfiles/2022/ruby-concurrency/concurrent-ruby/Gemfile	622d521c83d0fb45efd9babd27c237838b3394ad	00cb8eb307ad7b4d89dd4a641c428ffc4e2f1f6aa47ec00535a6b5e833928304
ruby-concurrency/concurrent-ruby	gemfiles/2023/ruby-concurrency/concurrent-ruby/Gemfile	1ae0c40e53684a2a83263325b99b3eae7cb84c06	c7e4357f8d68f0e3a3a962c42aae2ff0d59643c6883ed5b4c4896849cd9f512c
ruby-concurrency/concurrent-ruby	gemfiles/2024/ruby-concurrency/concurrent-ruby/Gemfile	5d700c5f6afc6984bdd606012282ce90e0498d45	1dfb6ee6547e60ae758c4f1b427c354ea6d7a8f2ae5739ddc144416eed996309
ruby-grape/grape-on-padrino	gemfiles/2021/ruby-grape/grape-on-padrino/Gemfile	c23633361ae53f0a80d68e4b91feb2d30a9653c4	ebc5ba0c07c59ef00f0a42c050e2fb555728c24b5cd24c1ca3fe104e5af2f865
rubyevents/rubyevents	gemfiles/2023/rubyevents/rubyevents/Gemfile	d0f3d02c7eb455b5ff36950ed56872dbf70b503a	b8733ada8f98596077768ab0abfc414503039141e2460fe9de616db7a9f9d243
rubyevents/rubyevents	gemfiles/2024/rubyevents/rubyevents/Gemfile	7fbf0182bee3319da64c6a045d0b1e6eb9193a6f	035f84c82cf65c47a6fc743ac200023512498592ab5d908e84960171ccf1992f
rubyevents/rubyevents	gemfiles/2025/rubyevents/rubyevents/Gemfile	339594a99cf5de8eed8b6dad5d44bc8a2bddc01e	43a1449186af63c40d4b54d1ffe7134a0ccd4636a6603874f409f55f6e0c6e93
rubyevents/rubyevents	gemfiles/2026/rubyevents/rubyevents/Gemfile	7af5c97416538e3621533dc363b769f6545e1d8e	389c2e572e6ed93d8843260ec5eb44feed17d1c689df452dca024fd2de539dd4
rubyforgood/casa	gemfiles/2021/rubyforgood/casa/Gemfile	610a17cd703cbd1b2099480cb905004dc7477445	3ebe15b44e682526c3dfe5f91ade13e90834f2375911953a76ec654455f2ec35
rubyforgood/casa	gemfiles/2022/rubyforgood/casa/Gemfile	d24670ce3aba51024243ee808cc880d559668567	228cd182a3bbb4020074928f535b46ca786bfa9cdec5bb3d376ba5ee69f4a344
rubyforgood/casa	gemfiles/2023/rubyforgood/casa/Gemfile	4324e44d375bd275132bada0aa0405973584786c	70e51cbad48e0d9efd0c5eba6d1013d275f8ef416af76d950c710df2faee7290
rubyforgood/casa	gemfiles/2024/rubyforgood/casa/Gemfile	fafcd4e7505bff387e042964f9590c0cced9a337	81aae6db07cff93d20c45792ba21043addb2023223994dd3512df823ad8f6c85
rubyforgood/casa	gemfiles/2025/rubyforgood/casa/Gemfile	e1ba543face55d22ded4535f5682cddb411d640a	4a1152ee24947f359584b366d41d590bb54c34a8323f0107f58ee00bdcbd0c0b
rubyforgood/casa	gemfiles/2026/rubyforgood/casa/Gemfile	e510bcd0d4b063bfa0bc1f2751b7a31ee7d8de08	1cea9beba25564a12c5c034a4e090859960fb5b64ca9208f1ecb1b37bd9446b3
rubyforgood/human-essentials	gemfiles/2021/rubyforgood/human-essentials/Gemfile	3613501715d505394508b6571681edadd29486a0	f47911d19a06d40a138d1034dd30c899a7e2d550c5aafcbf164ac64eaaa5ca89
rubyforgood/human-essentials	gemfiles/2022/rubyforgood/human-essentials/Gemfile	d2b60a0e3ecd09a560927ea402391f072c0e1f0d	bed4a7060bbb21eab69dc041aa8459372eeb88af330856572d56917666fc0773
rubyforgood/human-essentials	gemfiles/2023/rubyforgood/human-essentials/Gemfile	09d1e41c06e60fd4ed40ce3e5decc43d2160fac6	5d519b7af4b399520b5fa0c109d369ee508673bf1b63709d54843a096bdd196d
rubyforgood/human-essentials	gemfiles/2024/rubyforgood/human-essentials/Gemfile	694c02e5f443037aa32e6732945a1004a6814ea3	9e424c09ef963bf801fa26afe3ede0f56961c8d04f72f47e47f06ee14fc63132
rubyforgood/human-essentials	gemfiles/2025/rubyforgood/human-essentials/Gemfile	83813c906fa28c039174abb524ee03ad322768b1	d06f7f8eff1a857ee5c199585319c477ac70f86992ed7afc16118eea1f0d7a6d
rubyforgood/human-essentials	gemfiles/2026/rubyforgood/human-essentials/Gemfile	d6f829046ee9696499f6781fc8f9e434d270a2be	6bbbae38ba179d53b4edb678181937618e69201b5d2cd2d7bab09213062e461f
rubygitflow/ads_microservice	gemfiles/2022/rubygitflow/ads_microservice/Gemfile	b6599ca760af5a319b3c41d3bb52d4c43a990d69	92ca0f90ea44cffb504d191e945cba3a08aff9a0b4da3537b8385c12cf369832
rubygitflow/ads_microservice_rc	gemfiles/2022/rubygitflow/ads_microservice_rc/Gemfile	61851a30f4c59f52ecaf4c9e99cd58835c653e90	139ca6bbe3159053a394d5d6c6a6336dd5da22a522d13ad32866121e644bc24c
rubygitflow/auth_microservice	gemfiles/2022/rubygitflow/auth_microservice/Gemfile	845d5433fec23cfe920f1462b642ba7ae669de8d	346626b8396eb3a37ded802b23dde927b4d0856eaccbcc6e70f7dde724a243a6
rubygitflow/geocoder_microservice	gemfiles/2022/rubygitflow/geocoder_microservice/Gemfile	ca4ebe4414c0dddc16f44efac4164666f03d1b54	22416631982aa1693fdb77888533a72028c8d726ae2e5389dbed86bcd335fe96
rubynor/stemplin	gemfiles/2023/rubynor/stemplin/Gemfile	f1adac101654eaf85a208f7b9c14c2cdf47e39dc	abec43010a2f8383e212ea7c664d1c4f894aa85249fd0929930a2ed069d2076f
rubynor/stemplin	gemfiles/2024/rubynor/stemplin/Gemfile	79e004921d2c82d158399ffce3dea89b682e5e7b	d7c0377b99caf89fbbc023d278e40ff3e649ab8fcdf5dfcf57f8353a01d0ba8c
rubynor/stemplin	gemfiles/2025/rubynor/stemplin/Gemfile	938b4de7437f649a0cc91162567a9ed9c9e4b72e	3af1a9fe1953ada83e13096cd31f4f9ec38a30025577245101bf6252f1cf608d
rubynor/stemplin	gemfiles/2026/rubynor/stemplin/Gemfile	1babab2aa4bc6ef760d739e6e80058c0e60877e3	8473e686e417b45c9fcdb26dcf5270bde534918d599519c8178ab41f697b606f
ryanb/ruby-warrior	gemfiles/2021/ryanb/ruby-warrior/Gemfile	3c00ffcd104fa905584b73398f56662475ce07cc	fefb5e1e07bbcc19e46013cf018f37ee492b99fe9e9a2b9428576ea89c5fd145
ryanb/ruby-warrior	gemfiles/2024/ryanb/ruby-warrior/Gemfile	a062c16548d8629bd084ec275beac7f9ff6bcc85	aa96518644965cb0a464a6962099c06554136e93986d7cd6733a2493b5114768
saintprug/spb_link_shortener	gemfiles/2021/saintprug/spb_link_shortener/Gemfile	a386df99d23f4915d992846e00c526e0b022c328	d0a5dd27059c3cd2b2eb36464250355d8500791f9489c506eb6b1ee9438eaa09
salsify/avro-schema-registry	gemfiles/2021/salsify/avro-schema-registry/Gemfile	9547be06026d86ebe9289d74b6d42ae1e1671f90	1c49b6d45d1b8f26eb21fec05047e4045f3cd23285fa8b0ae01851d91ce01d88
salsify/avro-schema-registry	gemfiles/2022/salsify/avro-schema-registry/Gemfile	f2da75508bea91611f0a1c99a3b46259e5197cc0	7244ef6101dc6a01b387c537128dd1af58eae3cbdf0df004534e0530e58b5861
salsify/avro-schema-registry	gemfiles/2023/salsify/avro-schema-registry/Gemfile	dd7afb5f568c674cb24b7f3d78888e4473c8dd57	24ac609635cff133653ae93766bda38944dfe0b6b47338486536275e6fbe24b1
salsify/avro-schema-registry	gemfiles/2024/salsify/avro-schema-registry/Gemfile	eeee9749bd18f5bf90633b028c0bd4e515481ac0	77a9dea8adc598e9ece3944e589d739dad407b3d6025b9e6157c30d337fb215d
salsify/avro-schema-registry	gemfiles/2025/salsify/avro-schema-registry/Gemfile	16e726539720ecb98db8589b34747884245c0943	738547d41991f7745c8c4039a069b854afba666b47394cfd65314b6e43c898b7
salsify/avro-schema-registry	gemfiles/2026/salsify/avro-schema-registry/Gemfile	bea56f117e10f2b2d30b11517293c35cd37ac2f7	7e6acac39f66e4d4fafe80301229e35119e17d811273db78d3e555ed299c19a9
samojeyinka/mopp	gemfiles/2023/samojeyinka/mopp/Gemfile	e4d07f8eda18351f0e729d71ced0dd351a78fba3	3036d1a54d9cb70c945124ea15de2998af7ef85a1299c201bff93d2ad2916774
samojeyinka/mopp	gemfiles/2024/samojeyinka/mopp/Gemfile	5cdcaf3c7c46c3ed950e944d34467eafd38edaa4	c7f6ebb53cbf84251b9e73a06768f71d26acaf550dedf1dc70a83ec8251504aa
sankichi92/LiveLog	gemfiles/2021/sankichi92/LiveLog/Gemfile	e89f67da835e0e623ff3b56ec4da0020d10daae3	4006857665b3942ded0bbbd21b56f176acf6f3b0abafba3f6993189745581348
sankichi92/LiveLog	gemfiles/2022/sankichi92/LiveLog/Gemfile	a7ad753cc4d8719bd7b83f5e80e975932665c657	be2164c3bb9b693572eeae511be84cc6516f5a1c8b36a28b04c1809812da8c0b
sankichi92/LiveLog	gemfiles/2023/sankichi92/LiveLog/Gemfile	aed4081ba52ace2e96ff32931af6c877b1e2756f	b52c9435ae02007a1cef0588e35bfbf06cdc489a65c7c8ceb4e7e155ae7825fa
sankichi92/LiveLog	gemfiles/2024/sankichi92/LiveLog/Gemfile	69a0a4bd5957c38eb440f1d2f8edf65fcbe2f032	a29d7c1d4648e4875d4ec5efeadd716dc6dda2f3501ae2b72ff35111ae310a57
sankichi92/LiveLog	gemfiles/2025/sankichi92/LiveLog/Gemfile	bf863de2c156f641fc3eeef082500503138b9154	14a6e6d87d006a71fd0947592648f6a710bb645692e1cbc70c132cb23154e963
sankichi92/LiveLog	gemfiles/2026/sankichi92/LiveLog/Gemfile	71b9c2acc0e2a55e43df6100751fa7800ebe8f6c	d1e4e2f7a43a51a37df87a5863eeb6205e74bcb822051e5f88423920272e91b8
sbounmy/hongbao_bitcoin	gemfiles/2024/sbounmy/hongbao_bitcoin/Gemfile	fdc68ee0d8d65a24befc1f027bdc1e491d163468	09ea3f34e81dd1ad91aaac0e7708efe236e8dbf6dcdda664c440a4cce488fbd6
sbounmy/hongbao_bitcoin	gemfiles/2025/sbounmy/hongbao_bitcoin/Gemfile	f1702fa82c8e682e111d6f5833a3a312a3375316	76aab0a7a1de220a8b83c287e6559464fabc27d2ad52699708e96b67ecd93856
sbounmy/hongbao_bitcoin	gemfiles/2026/sbounmy/hongbao_bitcoin/Gemfile	59798f6f6d5188a23444d40eb41d7f5fabc909a6	103964788a4b0c8ce63200bf2da84536f0a3802c9b8fb3fd1a60da9fd28367d2
scaffeinate/socify	gemfiles/2021/scaffeinate/socify/Gemfile	19d02bb72685cfb64d81bd5d2b088177b4086436	2ca7691b756b80ad41a02842e65ed62f4d3284636181f5019c480878c8be5aa4
sealuzh/cloud-workbench	gemfiles/2021/sealuzh/cloud-workbench/Gemfile	2156afab72e8d30a675a23bf175e09de73a2aa1a	35234602727d7edb037c115416dc2583f020d30ec0c649fd0150134923b3c691
searlsco/posse_party	gemfiles/2025/searlsco/posse_party/Gemfile	3b6855993606f95ac5dfa66cfc21551ec5261e6c	1946f52757b706d7bc68150a967d9f1320dd2bf3485384af63bf3a147fe0287e
semaphoreci-demos/semaphore-demo-ruby-kubernetes	gemfiles/2021/semaphoreci-demos/semaphore-demo-ruby-kubernetes/Gemfile	5e9bd0710939e9a15dc7ee8ebc769851f27ba172	e2e7df7fb732451396d20d8dc8dcaa98ef495c3b0aeaf35e099be02870adc3c4
serradura/from-fat-controllers-to-use-cases	gemfiles/2021/serradura/from-fat-controllers-to-use-cases/Gemfile	7377ff7cdbc453a1cd959a9e0bcb4e9f5b20a886	952b816b205f676ea406e419bf25ab34307ef7c458e2fd4e351f11d802cd2b1b
serradura/rails_app_to_refactor	gemfiles/2021/serradura/rails_app_to_refactor/Gemfile	9bc98ce94466527bf39bb196c9e17f18d8bcaa24	16c990981c0684af891b63d728dbe29b7b6034a49f1d0a208819591ac5e727f2
serradura/rails_app_to_refactor	gemfiles/2022/serradura/rails_app_to_refactor/Gemfile	e5b3d84b89a48cb5dc61ff0379214e787d882950	bd97ec0162f1f6b467e33e4c1bf516e8d7bbd5d3bda86ff489a4cfffdc39585d
serradura/rails_app_to_refactor	gemfiles/2023/serradura/rails_app_to_refactor/Gemfile	360ca925ade0938cc52b640713744b725d4b370f	9aed2025cfa132c660250e01a4edd8f4806b23eef210bd0e4aceee75075008d7
sethherr/grape-doorkeeper	gemfiles/2021/sethherr/grape-doorkeeper/Gemfile	b75b7587dd9e67f86308afe041ad0f6bd152c820	888030a8caa2cfd3f1a67585684beffd0e058b81195de492b08b328b4ed2efd2
seven1m/onebody	gemfiles/2021/seven1m/onebody/Gemfile	0c109cc676853c8e95397dd59393d59ed7dd4976	131edf10bc7fde605b4db656594abb1d36ca34b51976b90aaaf64de0cf1d757c
sferik/sign-in-with-twitter	gemfiles/2021/sferik/sign-in-with-twitter/Gemfile	6af428a4a2e7b9832d7b60f84886a5889df66eec	9567e1e977cefd2028dbaf25a8f1a89c74c23443f5d4b52e98cc447659d5ba66
sh1nj1/plan42	gemfiles/2025/sh1nj1/plan42/Gemfile	91d9a87e543492ff57ee1e17bacc42abb0f9d1ee	7b8630d2994eddde53826648309ce306231125f22b993f1265f7702d404a4b72
sh1nj1/plan42	gemfiles/2026/sh1nj1/plan42/Gemfile	cefbb8770b0d2d0a839db0828952685cefe673a3	11a5998af2fd199d39a1465329bf2dc2903ea7780a3c08bfed5b07c9d3a22343
shafy/fugu	gemfiles/2021/shafy/fugu/Gemfile	69127871be5398292a043ea619e4b54123a38417	c80106065f6d254cdfbdd4519041528b71efeb7911ba384bad3e326b5349546f
shafy/fugu	gemfiles/2022/shafy/fugu/Gemfile	3e336c10e311eb2459409afd9a7a8965d6d33a2c	15b5363e10eee66c7963034bf4d922332cca8d408ded6095010a0245f76d9174
shageman/the_next_big_thing	gemfiles/2021/shageman/the_next_big_thing/Gemfile	7fe6d7fbf8defdeb046f1ae61fb53e0fa4be7f56	6fe258937671b2a9523128ed58215827e9889db1f61389b6e5203e1ae11bb6ef
shahadat3669/blog-app	gemfiles/2023/shahadat3669/blog-app/Gemfile	50e018c762c20fcccbe2c8cf7a0a80b322b5e282	2a8119f06437a8431c51ca07dbd40c74fb6050d27881661ab0435994820cffd9
shakacode/react-on-rails-demo-ssr-hmr	gemfiles/2021/shakacode/react-on-rails-demo-ssr-hmr/Gemfile	61e897f2c604085f45b9ab5e23642501e430fb28	be795d2dc332b7fed60d04874f8b2ad341c781a11ac39629e5a0697e68c068a2
shakacode/react-on-rails-demo-ssr-hmr	gemfiles/2022/shakacode/react-on-rails-demo-ssr-hmr/Gemfile	ff3f372c7eef5b44286fdf45a0ac74ca16e3a39a	7f2c2d30ef0f0e557de5f1d0925522bf7a8ba588aa395d931e297ca060498a94
shakacode/react-on-rails-demo-ssr-hmr	gemfiles/2023/shakacode/react-on-rails-demo-ssr-hmr/Gemfile	f2c33d2b57a95b58e949192f2a283b2f173c14f5	1855718c485e86d57ffba539ae94c5c9e98b40f7700f480257957ced7d5a4693
shakacode/react-on-rails-demo-ssr-hmr	gemfiles/2024/shakacode/react-on-rails-demo-ssr-hmr/Gemfile	aa7c5cd4fa3b574f5f276ba02334b5a34f966ebe	58c5a4449945ace325ef0269c486e4ce702066bb607974ec5486ada86964538b
shakacode/react-on-rails-demo-ssr-hmr	gemfiles/2026/shakacode/react-on-rails-demo-ssr-hmr/Gemfile	e04773a8397cb8ff2f0e5f6cbfa1d27788285ac9	16f41a9e62649de8f6698eacb69d8b8e897b01814fdc972aae699b3f6e0b121c
shescoding/shescoding-dot-org	gemfiles/2021/shescoding/shescoding-dot-org/Gemfile	9c29b5b64d47bb21e460247f079e830b5988b885	4cd1086b6df2714cace2293fa8baa997fb4fd4622b00329633a7be937dfdeedb
shftco/rails-api-boilerplate	gemfiles/2022/shftco/rails-api-boilerplate/Gemfile	dcaa654b4b40c0a38a6989213cc22ea575ece65a	57c3f49fede44bcd44f6934ed90732126ed4879fcd6383071b3f5f92c92f8da9
shioyama/rails_on_im	gemfiles/2023/shioyama/rails_on_im/Gemfile	492e6e8a7577b74c008311b1c18023930f3ef4ce	20cd52fec922f921767f2c1530b09675ecea6757a2ee7a7a4488821967e719fc
shoes/shoes4	gemfiles/2021/shoes/shoes4/Gemfile	46fbd81a1f7e40736b48c600fd798fae5b79700d	1a0e026bc89c4ac7fc5ee5ad5485e21f440ef0eae0b0eeff0198f7da68c35e1a
simandebvu/find-a-tutor	gemfiles/2021/simandebvu/find-a-tutor/Gemfile	0620b6e61e9ccd3a466122a59c4129dce61f4e01	ab72b2c4fea0ce0a732cb85ea9019e8ee11d5346d740237096a84371b4700dfc
simge/github-username-search	gemfiles/2021/simge/github-username-search/Gemfile	725557bf28270536eb54c6de3f72b1e11af8ba7a	2b45168c20295fa80b11af2f2ee1177040a7a40826ee3eb0848a892d37c012ad
simonneutert/Joda	gemfiles/2022/simonneutert/Joda/Gemfile	35d9f3f41bbf574e018369eaccfcc053d8937ac7	682522bf9ede31c04a10c273a0990424f544de157009f6ff64f627cde91885f2
simonneutert/Joda	gemfiles/2023/simonneutert/Joda/Gemfile	7b0d05fc3f2aec8862aa037fedb7c296c4c51281	fa15ee0e1c0a569f3e71931fa713c4243dba323c72cb0135fd1f0b4b6a44373e
simonneutert/Joda	gemfiles/2024/simonneutert/Joda/Gemfile	9cf29cfd7c38d9b4c38670fde93a4dc38cb40f25	a8a211fd41554e56e61409dc91c5ea2aa79bab76ae2d3ff453294519d405306b
simonneutert/Joda	gemfiles/2025/simonneutert/Joda/Gemfile	f424ff2f2e8d8c9b1ef568b6369936563d3ebd40	6993dbd3908ce622806eea6b5106d0a647d3d7f0985202d30ac9251170de1757
simonneutert/Joda	gemfiles/2026/simonneutert/Joda/Gemfile	1d408491f6fc19020d861d2be8b8e124d5c5ac6f	25f05aff4028216ab2d19044ce5ea866d5a085e0c521440f5f134fa640b2ad7e
simonneutert/labradorite-notebook	gemfiles/2022/simonneutert/labradorite-notebook/Gemfile	7c49e576fcee382d3393586556c16923e3905557	bd69bf6f77969f94187c3f988cc23598fad040ab3b963067de67c2f3f658a860
simonneutert/labradorite-notebook	gemfiles/2023/simonneutert/labradorite-notebook/Gemfile	f3a2303f782b75504702ffbacd8e30fc6c77424e	7cc4e9b71b1579c9972878c72d15bf1b04938c73812f722bae02f4c5fd92f4b5
simonneutert/labradorite-notebook	gemfiles/2024/simonneutert/labradorite-notebook/Gemfile	04b3add4a6238b423684c947bd6bd5db1c1134f7	36b50af456c5448cca0289958daee4d8ae9b822c227ab75f68338289ea31ddd4
simonneutert/labradorite-notebook	gemfiles/2025/simonneutert/labradorite-notebook/Gemfile	d66fffa7d060cd7ea2c8ff673deac6d8a0cf72aa	2eae12540d98fec6c220a573ddb73718e997d04d1575a0491cdbda5b752e0475
simonneutert/labradorite-notebook	gemfiles/2026/simonneutert/labradorite-notebook/Gemfile	8e49bbd9178803431b4f5724f0728d2abffe799a	bb33233a584af366af35fe3b1d4251e4b59600caa0919901a1a29bbdb5e8d523
simonneutert/roda-mapkick-example	gemfiles/2023/simonneutert/roda-mapkick-example/Gemfile	b9154526cfc2fa403a0440125f8680c032db2c3d	4ee46a15bd37cdb7e6c0cef7fde5d608f16e90a873fd3eb54caf558f70830c02
simonneutert/roda-mapkick-example	gemfiles/2024/simonneutert/roda-mapkick-example/Gemfile	4bf220db77b2c136f9092b2b0f6ba29d859175f5	35cb32759209a7da15c09e6606491b945f048316c1445d7950ce969a88ec64d4
simonneutert/roda-mapkick-example	gemfiles/2025/simonneutert/roda-mapkick-example/Gemfile	2e0d97d3c56234fb209d10c12f3bfb58675d998c	58b2040418afb953a6e640360bf1ebb7194f090466553b936678107405b1807b
simonneutert/roda-mapkick-example	gemfiles/2026/simonneutert/roda-mapkick-example/Gemfile	13dde68d815130f8cb2e399e458ab822732bb24c	c46236ef10e96c3690a0b4c7e044a6d9f2d9c7b4f4a3128b4b7db990e7031020
simonneutert/sinatras-skeleton	gemfiles/2021/simonneutert/sinatras-skeleton/Gemfile	dce7620bbde63389609aed09b9ee4393f48eff40	12a5893ad26456dc3f40f6a1e5cbab4d4c5b063b5ea837208dc2b12db1b6c9b2
simonneutert/sinatras-skeleton	gemfiles/2022/simonneutert/sinatras-skeleton/Gemfile	ffc328c18776ce0f86f2437f3f4e8cacbb1b6e83	dda8713e2d6bb65b5debe3df9c6dba7b524fab20f9da4bf6f7fe624e44c61045
simonneutert/sinatras-skeleton	gemfiles/2023/simonneutert/sinatras-skeleton/Gemfile	cfbfe2d36e64adb0d230d302c9eeaca4f79fccc6	81ab453efba23e72dcfb4ffbb03de587b7c3a37e4c60628270035c81b68c0f92
simonneutert/sinatras-skeleton	gemfiles/2024/simonneutert/sinatras-skeleton/Gemfile	8b4ec774dd6de125897abc500a9e48d4180ed0a5	97178427e45f5d772239cae5ab0d191255786e59c8569c91e72bf8d359fdc09d
simonneutert/sinatras-skeleton	gemfiles/2025/simonneutert/sinatras-skeleton/Gemfile	a91effdbec99c848adfec76557211bf0445e9572	936853b109a73b2efeac0baefc6351b0ff010545ce1663e9ef1b6cb3c5747c50
simonneutert/sinatras-skeleton	gemfiles/2026/simonneutert/sinatras-skeleton/Gemfile	7702748d257ae9849b1bf23a06bb22d2a916fcde	b94655ad7c05882c44b9944a88ea76090c12c519748de27f193f5b699530ab67
simonneutert/strava-export-organizer-web	gemfiles/2024/simonneutert/strava-export-organizer-web/Gemfile	679a096aed6e44989d9e4abe49e70a7a71a84975	3878ced199d9aca34c4a6ce75f4d45d670faaf5877ed3e9de7d1f7bd67bda75e
simonneutert/strava-export-organizer-web	gemfiles/2025/simonneutert/strava-export-organizer-web/Gemfile	17a6d3e19e0d2519093859cd9a7ebf8c609be5a6	81433dacb54f5efd4b6b74a2adf0ee21fdfd9c280a55bee6faa206b75b644ce9
simonneutert/strava-export-organizer-web	gemfiles/2026/simonneutert/strava-export-organizer-web/Gemfile	eda9b24ccba5a2da21773e4a3658a884c25f8818	d9a94eacec610a65c896c2683b382b3d1d0bf44b66fba0c6370613eeea8cdd22
simp/simp-core	gemfiles/2021/simp/simp-core/Gemfile	2f4d685a47bc24f7d1e44d278c9abf9fe7a37a07	58ae8a5db9a8ed16a072c7cfc9899c9d7f46eb7582ed847c907ba64e6efdf152
simp/simp-core	gemfiles/2022/simp/simp-core/Gemfile	8a760506317e9497c1eb62b63522eee3bcd9ede8	1720f1f74453764797eaf5dc7f1126854bf78054e4af4b03cd2bc99ab217f43b
simp/simp-core	gemfiles/2023/simp/simp-core/Gemfile	ae3ed99c9190c3431b4c9962d9a1f4e18f276c8d	6b379847e4831d3c90d901dafe1c789f64cb1f6e1ab14d9ac35bbce4e094ca63
simp/simp-core	gemfiles/2024/simp/simp-core/Gemfile	9080edd35c37edb2a1c9521a7dde67bb5268b574	3b631c3588194f98f04e7e26d213ef93ec3a7d0e82a719ed623a8350e482a438
simp/simp-core	gemfiles/2025/simp/simp-core/Gemfile	5a64218785841e6d0180ea7d0b11b626fd63b09c	97c6f36793a407cab670a84c568b7eef94e4ff7f789bfa3e97624d2825d7d11b
simp/simp-core	gemfiles/2026/simp/simp-core/Gemfile	7dbb2bcde046cda3f5f14729130b003c489cd017	4d3182cd2a9eba2a6fcb3cb18893d9ff1daace6b12a49fce7d1d10eda2a258e3
siwapp/siwapp-ror	gemfiles/2021/siwapp/siwapp-ror/Gemfile	3a93ab941f6025f6d5d4ab9ade42724b23545e3c	455ad98436aa3f2c06cecf4fe42579450850fc42c9e438d8eeee9ef3da480be1
siwapp/siwapp-ror	gemfiles/2022/siwapp/siwapp-ror/Gemfile	075de4000cb48fa22dbce1de71f4797b9cbfd66b	1176515100a3a68759e12949577673dfff216fc4f5408e790a6e476634459c19
skoona/HomieMonitor	gemfiles/2021/skoona/HomieMonitor/Gemfile	b5b14cbead2b942bfc7e49458d20b560285dfc45	1acdd6e94a5855607ca245ac7bdfe1f79ccd84a805fa40eeb9bf0cf74e43f55c
skoona/SknJwtStatelessApi	gemfiles/2021/skoona/SknJwtStatelessApi/Gemfile	fadf988ddc0f1c0002e722d1a60911e2e5cf088f	e20b8c7366a394b6872326fc3a9679cb7fb4b118e72a570b1b095ef651237036
skoona/skn_web_app	gemfiles/2021/skoona/skn_web_app/Gemfile	f9c023c41a44d529ad629d9607d3203702673791	a1edad4df7fb2d13cc24b7f48f3177f52627c9dad86fd1deb294c064a1600c09
skyderby/skyderby	gemfiles/2021/skyderby/skyderby/Gemfile	44e3fdf738cc0d835a2604a80f0b2a9a61368b1c	2614e527d80bae66967a9df5b454c3a14fa2f22279cb088d5f73cd031e03982e
skyderby/skyderby	gemfiles/2022/skyderby/skyderby/Gemfile	a262e0ddd567607ae3dd82789ba5ba151257aad9	fb01bb1acb163767fbdc78e068d04cf0c3eea8a2a8fdf68986151bab996b6dfa
skyderby/skyderby	gemfiles/2023/skyderby/skyderby/Gemfile	63e9e05841d4f24db77aaf54c8a08bc570880fff	f2d9c16710232f1ffb551cb75513d53aeec69abcaf9f9daccf881b090b125e51
skyderby/skyderby	gemfiles/2024/skyderby/skyderby/Gemfile	30a643ac9d274b576b9f49662fe91c87f297d171	b22015a471b384bcba687154c55149acc90d17b507924ceb9c0af1b456611045
skyderby/skyderby	gemfiles/2025/skyderby/skyderby/Gemfile	18b19c979fc60bd939a85364b6f5065760091f92	52e35efe740d14d3c47ca351363f5880a9cdad0dff67912fd20224aaefddc91a
skyderby/skyderby	gemfiles/2026/skyderby/skyderby/Gemfile	071b0815ca14f97c459219810782cbce976ec0cf	4d8f113dacf019ec5a10df691d7df5d01d7ed9ee4e8220dcb9f75575e0cbf199
sleede/padrino-boilerplate	gemfiles/2021/sleede/padrino-boilerplate/Gemfile	78ce258022c365e6f0d2122ccb5afc75990fafdf	9542893e5f0f1769ec5d3a0318790c56cd706fe970c73e524afb72511b2a9e39
slrbl/human-in-the-loop-machine-learning-tool-tornado	gemfiles/2021/slrbl/human-in-the-loop-machine-learning-tool-tornado/Gemfile	900e94e5d46a80ae8644fdf905c1bf6ccb539039	a4a445c1e9851b9beef6dbf7d9405a556060b7cbbee35a0456f9f3c8437fe1f9
smgdkngt/dobase	gemfiles/2026/smgdkngt/dobase/Gemfile	9e84f20cc7103acca165df2eb5783ee64da335f8	532276f25f9e71c25a171e8c63cbb0b3d6741e375987b75207247d2e643f1ac1
snibox/snibox	gemfiles/2021/snibox/snibox/Gemfile	c756dfffbf2cda8a33a66c2bc4d7da0584fcbcbe	5c9620be0c2710f207fc6d0ded01861974bd45ad2a0e211b4b2155c1ffd591b8
solectrus/solectrus	gemfiles/2021/solectrus/solectrus/Gemfile	52ce0a2c4cbd51e2a6e92cea826539b589895eea	de09fcbb749c5b4d96cc789f5d95f205a4fd64b42a7fd422b28c404b0f9c9668
solectrus/solectrus	gemfiles/2022/solectrus/solectrus/Gemfile	55755e0d9045b5686641ba4f054bc06e6262e06f	e661a4ac52eda93cd8a4203a6c57d3e7a1d21c46d23a10aef8ac5ec37e185a91
solectrus/solectrus	gemfiles/2023/solectrus/solectrus/Gemfile	6483d76b979e2c1d683ab95638088f8ab53393bc	214837a1f763437d87ed7fdd039152a89905d78f8f05ac2f60919f420b70a283
solectrus/solectrus	gemfiles/2024/solectrus/solectrus/Gemfile	8c78eda8a027753840ae67f11fae5b1e4da250d0	24c6bb5a51a1feb3cc97b88fbfc6fc1d78a165c573d68dbda3a8663653988250
solectrus/solectrus	gemfiles/2025/solectrus/solectrus/Gemfile	251255f0e830ee8a66223138ef780b8279283bb4	e12cc2cc6986c34da2ebca4de1ea429d2738c276696adf918f950f35a5a1ed00
solectrus/solectrus	gemfiles/2026/solectrus/solectrus/Gemfile	2b1989e6af15f22cc6b6fb5eaeb1b2ad21e5b4a4	abf0fcbfa4cf27040456df20fb2be666a91308bb07fe576f7ebd2cf0f2761676
solnic/hanami-bookshelf-rom	gemfiles/2021/solnic/hanami-bookshelf-rom/Gemfile	3ff8ccac7a0a659afbcbe545be15251b2a5964dc	73683e75f8ec92f5d13b800da2e71a5b74d1e513b0e3e5a8bfb36a99b538511f
solnic/hanami-dockerized-demo	gemfiles/2021/solnic/hanami-dockerized-demo/Gemfile	0cfed06cfad3e211d41320ea4973982cce703865	f92342fd07d330ba3275730aab6b7dce8ce4e2c5bb604fb5f0cf1f69cfdcc45e
spk/cotedeporc	gemfiles/2021/spk/cotedeporc/Gemfile	04b48012a141ffc47a57f7922814000ba0bcbd42	ef375e52f853fd1bcef922ca6b0c33f9afceac551dd554e935a1d132325ea155
spk/cotedeporc	gemfiles/2022/spk/cotedeporc/Gemfile	0f99ca0f99415c86d86d1e941a699f79bee9c748	339db7053e3c22af374d4ea2887125839040946880f172bcd0ca8678ac102749
spk/cotedeporc	gemfiles/2023/spk/cotedeporc/Gemfile	2a2d7c6897ac628b40d0c9f9dc91f0c1778ffa8c	139ee21a00ac9b034d6a5dc886fc1bbaaba7c5c7a4a6c377f55c77e97cb0c0d2
spk/cotedeporc	gemfiles/2024/spk/cotedeporc/Gemfile	76d8466b4b20ea7c9fdef3f347cd335c59474a6b	1623edbf9ba3d24808272ac64b533b05de5e6421ec16a3bdde575f36ceda70ea
square/jetpack	gemfiles/2021/square/jetpack/Gemfile	76b4ea70bd2584ac1558581a047efcd67039f34c	3116885ebaa81375d2267b6475f89c268e1b006a102a1e5e1759e9de09e8c844
srcclr/commit-watcher	gemfiles/2021/srcclr/commit-watcher/Gemfile	2da0b690737193ca6c4709937305c0f4d1366aa5	17c20aeac3119bb9483edffb52650b1191d7366bd7dbdb7b5c220fb6f23f832c
starhaven-io/rakkan	gemfiles/2026/starhaven-io/rakkan/Gemfile	3947f424deb3b1ce570e7d5f166f335a9648f1aa	88e6c16580dede7f485e2f3d2d19c08235c19074e61cb0b9b50b88375a94d3db
stefl/bootbuckle	gemfiles/2021/stefl/bootbuckle/Gemfile	3df69cc732328b3da1e02f1b5938952f837e5ea1	ab50ed1ee52b778173b5837e321d4ae319ca6d0dacee38281f54757db6ebb4bf
stevegrossi/pok-mon	gemfiles/2021/stevegrossi/pok-mon/Gemfile	b9fe348a14ca3cc0a2ec625c6ef5a1e4bb8b201e	159f8c207e501cedabd6e1752ef1670eb22816d72f93bc3148667eb68e00b62c
stringer-rss/stringer	gemfiles/2021/stringer-rss/stringer/Gemfile	d6430939c16c140275b9697b6e283122145949c5	336193abcda8ee337ab30c4afe11a13c25290ca3d2cc849020d5f7839072e97c
stringer-rss/stringer	gemfiles/2022/stringer-rss/stringer/Gemfile	460ee12983abfb8f1d602cecf43f212f2455a4ad	88952ee51b8e70fe2b3fed404e39e98c3c0c5d7eeb9b02d6518f909c662ab4f2
stringer-rss/stringer	gemfiles/2023/stringer-rss/stringer/Gemfile	652bc6124bad1a2947662dc33d77d6db42056a0b	c3b5e3e29055e43375298936ca270bdf2a7477fcc52af9955613f744f72db279
stringer-rss/stringer	gemfiles/2024/stringer-rss/stringer/Gemfile	6b97bad44e576aa7e8b0ee5ebebd1ec2ce2fa50e	3c4ba01cc61b85aec24b7ca3f2555a2d64201b03c3caa3e097bb2458938d1d2b
stringer-rss/stringer	gemfiles/2025/stringer-rss/stringer/Gemfile	f6af65f965343a4171f3fd5ffbe29b70b9e72a1c	bed91fc4d993bd023a294afbab341f0068a9058a9204ab46ec8615ca8716a4f8
stringer-rss/stringer	gemfiles/2026/stringer-rss/stringer/Gemfile	85b932648c52689dddcee02962f91f5aec1329c8	d032a407257a25dba77cab6f841b9f3187bed1f069266936c3809b0690c31e8c
sudara/alonetone	gemfiles/2021/sudara/alonetone/Gemfile	b72c365db864d6a954cf265bc16554784b2d79e7	13d8f3370f07e996d9f1c4270ff89fd086162838688fdc4f639635a4a95c6e20
sudara/alonetone	gemfiles/2022/sudara/alonetone/Gemfile	c8a3b446f37b69c802ab084dd4b54a1ac8808331	0d92325ad058d318b3c7cf378163b47c16807c57f9476972e07d802313ad29c6
sudara/alonetone	gemfiles/2023/sudara/alonetone/Gemfile	84802085a3982e07475560347b0637e4e99e4cd4	3d31716e85d7bc268c3825a8828d812e1dfeacb6c6e14824c99889bf077ea458
sudara/alonetone	gemfiles/2025/sudara/alonetone/Gemfile	ebf728bf66ba173e9dfcabf9dd1fba327b9d402b	903fb487c12b77b215c2db35d2e207012bbe78331b8122c7de9a2c8e7583bbec
sudara/alonetone	gemfiles/2026/sudara/alonetone/Gemfile	c1a74e302fbf9d48fc55020688c8a1dd3f9181b6	4d12badfdec13bc2ece7b93befadc7abc1f490e84d1a5e7a1cf40ec0afd0d9cb
sudara/awesome-juce	gemfiles/2022/sudara/awesome-juce/Gemfile	7f4d71c213a8d5340cc7fdb77be1046be7ef915e	62191db7d6f5c0922f00f4fe2beedb6ab2557dbeb15f318c2852d189884349ce
sul-dlss/dlme	gemfiles/2021/sul-dlss/dlme/Gemfile	6949542a0497e16dbfd0cb231d758259bd46a86a	21f93102465fcb910bfac0ed8fedb3d727efb6e241b64fc108eab987890383fa
sul-dlss/dlme	gemfiles/2022/sul-dlss/dlme/Gemfile	ba501cfe2f0f5226ea844cab3797a869f9228808	2e0e406cfa30c61799a2709750628442a00ef0727535947a28fb26bad000f793
sul-dlss/dlme	gemfiles/2023/sul-dlss/dlme/Gemfile	4573f378cc8817e9258e67a68f1853877baf06e3	4eef32a1dfce03f90f94d388d087fe675ad87af5bfdaf424a6b60a68f3a05fc1
sul-dlss/dlme	gemfiles/2024/sul-dlss/dlme/Gemfile	051f16f64cdc5e30bec1f7ba3d32df18bb4a6a9b	928ba83daa1a0a10c98ad8314c41e36c768299d0cbd73e42795ab00cdddbdc56
sul-dlss/dlme	gemfiles/2025/sul-dlss/dlme/Gemfile	343da4b3670b41c0908690e55f0a772134d3cedf	5d12dada66b98dd4152847f2ef0d991d30ab5202e59c703155376a65713a6f30
sul-dlss/dlme	gemfiles/2026/sul-dlss/dlme/Gemfile	0f37d18cf3b28eb603fab765904e6cd42371a29b	4cbc599ed8837c528e41bc8eebe3bca469e532651a27b05824a53db0d4c0a30e
sul-dlss/sul-embed	gemfiles/2021/sul-dlss/sul-embed/Gemfile	b755b7d325247f076764f9448408295275c37c78	53ccce00dab3228cd1a240d19794d22517d7723a388a8e7a442c4ce986fa8f77
sul-dlss/sul-embed	gemfiles/2022/sul-dlss/sul-embed/Gemfile	e76f0a6f75f8df5d5797d737b29c6ee20b08ef0c	40b69e6fc419417d9e8e2d687dc488bbee343b85600bc77f58f71369a35f3d4d
sul-dlss/sul-embed	gemfiles/2023/sul-dlss/sul-embed/Gemfile	56abd7a94796e957470ef51856d4d264778cb931	23ae5771c7c2822a5d01a194da27574ffce96d1ba021b4520f274ba3cae9e06f
sul-dlss/sul-embed	gemfiles/2024/sul-dlss/sul-embed/Gemfile	fae93a11f5a686e943c71ca8b17da9509172be2f	9db0e5c99b4156d14197e93e3317e925f447ca73ec12bbc8233d10d18a823796
sul-dlss/sul-embed	gemfiles/2025/sul-dlss/sul-embed/Gemfile	a90e6f3c61ec41d258903912e9a5dad79a0d05df	53b3af8eb3a22f7ad323437447eff499b19ba2ced04de4afc6d3c19044a4c616
sul-dlss/sul-embed	gemfiles/2026/sul-dlss/sul-embed/Gemfile	381f3086a8061c636499abddb463c4a1283d8150	9f002e4deb75b48bbef55da59f891495069ecc94c4158d3716cd2727e7119142
superhighfives/list-of-ingredients	gemfiles/2021/superhighfives/list-of-ingredients/Gemfile	f59cff6cb34a5b2c26c77501b3ec417a9a73bf02	acf3e3a635c9633232dad47d2a3a36e0534f5641c9084ee5c6de118e0bc48a84
suusan2go/react-rails-redux-sample	gemfiles/2021/suusan2go/react-rails-redux-sample/Gemfile	195ebbd98fb301ef6e8c9312e2f03a702331449b	49dbee3adddf8a86773620eca371bf255fa1421d1535c52bba79f8329229db8c
svenfuchs/gem-release	gemfiles/2021/svenfuchs/gem-release/Gemfile	ba4bf836d11e86c3e3fde752803988b120fd323f	bfd20c1d49ef1a7c2a2f9a9309172bace7f4d80e9b8188863c3e6fff0e567aaf
svenfuchs/gem-release	gemfiles/2024/svenfuchs/gem-release/Gemfile	0a12c2275e0f26cae140d2101305323770e4c1f0	a73ab844520b589eccee7065e6d6a92e59c0d593fe8ef3cf9c8d292322b0bd55
syhsyh9696/javlibrary-rails	gemfiles/2021/syhsyh9696/javlibrary-rails/Gemfile	102147371581b9fb96ef7ade67e274f4cebbae35	6dfe73641dfc42173b79fae6bf9c3e3f87ab8214939227e8468e712ba3a6998f
tarunvelli/rails-tabler-starter	gemfiles/2022/tarunvelli/rails-tabler-starter/Gemfile	043c0496b84a2e8f83ba230381557bb32e2958b1	5ae3e2e19faf806ab87f3bc4fd967775b92146c6e94c2351596e52526e6613f9
tarunvelli/rails-tabler-starter	gemfiles/2023/tarunvelli/rails-tabler-starter/Gemfile	ac3cd0db5e4d1b3bcd1ec9a52ab4740684cd2949	0644b11932c20948de0f5991bc3490e2aa9b7b14ad74e0b357ffd80a78c94d71
tarunvelli/rails-tabler-starter	gemfiles/2024/tarunvelli/rails-tabler-starter/Gemfile	d92673a49b621491ce2c52c06d190a3a52b4fe50	188663e2e14bcbcf2658ebfcfe4ca3d74cc8c5f65e93515a1226122ddbb55463
tarunvelli/rails-tabler-starter	gemfiles/2025/tarunvelli/rails-tabler-starter/Gemfile	6a2d2ac75478b6789add0bd72d08112249f1d30e	f71beb15dd177a5ef532d2830962c885729a43349b1d4e1ae459bb4c2a75f3a2
tarunvelli/rails-tabler-starter	gemfiles/2026/tarunvelli/rails-tabler-starter/Gemfile	fe44d5690d0b5d0958c50c9e5dcd2b128b5a6e1a	9d237c6efc36678ccb314a15fd62587962033dc1ac26d3c147b26d501f96f56a
telegram-bot-rb/telegram_bot_app	gemfiles/2022/telegram-bot-rb/telegram_bot_app/Gemfile	71683928445458e1879f5fcf689f01bc4c401d24	8b6701afad28a8b08611f6245d1f5ab002e8c1e33999c1650ae427e4c6f12e16
templatus/templatus-vue	gemfiles/2021/templatus/templatus-vue/Gemfile	eb88e50f63fae814110464d79853ea1990faf11b	d5c67b1d03525f0a1d377a6a2d788381660443ad8a597ec681a91defb53de62b
templatus/templatus-vue	gemfiles/2022/templatus/templatus-vue/Gemfile	30ac495bb388b6f2e2044f08ad3c3bc5a56715a9	fdb4ebbecbb2f30cccba3e918688855db4240e9916c11b99735330c10c1eedcf
templatus/templatus-vue	gemfiles/2023/templatus/templatus-vue/Gemfile	4f244ffd75369049ea7cc8e82216b8328656f80a	f18b3a2083ade256b855091600f9c816cce0e2617ad0f78d60aafb77aa60d06a
templatus/templatus-vue	gemfiles/2024/templatus/templatus-vue/Gemfile	097eb546a41f059cb63f56e6495e8aecb1c785ce	d948ad65ea25724f1a8d62f223ca398c02a4e3bc9e9ffc01dea775917d12428b
templatus/templatus-vue	gemfiles/2025/templatus/templatus-vue/Gemfile	1851cfb376414725d2694a5b991d9e88b4279f83	7615ea676f9536543e1561db29edc1e9938d4d9dd92f5dc100da03721eb969d5
templatus/templatus-vue	gemfiles/2026/templatus/templatus-vue/Gemfile	3d0c17ea610ff380c4c76bd744be6bc0c212622d	966de5b0bfdfb66a15611d50551cc1d7be9d4b775b9c90270b94fdfd56c20105
tenex/rails-assets	gemfiles/2021/tenex/rails-assets/Gemfile	85707056c5840b237f7074c56e694b11bb9ae8cd	d57a55096488dcac8f64a2b7ff84d0eefe6bfdc08f79f3d3ef798df2a7748311
tenex/rails-assets	gemfiles/2022/tenex/rails-assets/Gemfile	0fa06c6adb54a493b7e3786d4f28893a0df04ce8	88e3c39898d44546f014c671a2c5ea5b18369cad4a323ad1c385e93fc750905b
thanhluanuit/instuigram	gemfiles/2021/thanhluanuit/instuigram/Gemfile	0c342bf4c6eee2d9ce6a9b991a4618f4e3aedf8f	e39bcbab95820a1452c59f32799e47a5bca2e17359ff82e293fa3af0c1b409fc
thanhluanuit/instuigram	gemfiles/2026/thanhluanuit/instuigram/Gemfile	820b5419b8c14bc5421929af1c375f0effc5f27c	c530b5928642966c0786085d6f292bdfdbbced71b59708dd22499680bf03a3ba
thape-cn/oauth2id	gemfiles/2021/thape-cn/oauth2id/Gemfile	52ed3ad0c80f32f91f681076f2b5f2889a34ac78	16e66283f2a143153aa53bce1e698559c5c97fd0c8000aeeda6b5a49e0ceab5b
thape-cn/oauth2id	gemfiles/2022/thape-cn/oauth2id/Gemfile	144bbc2f90390fef72802aac9347041bf0a80754	69805fc5d3f3a4d9258c701ed23fcc763e03bbe201853f905e7e8c925616a289
thape-cn/oauth2id	gemfiles/2023/thape-cn/oauth2id/Gemfile	1b3cb811ee73f84a97c115fcdce9c76ec2af2561	a960f082bf121e5691d13f0176719f0ec0c7c2e199ac741b8f5c3dd8a6017a74
thape-cn/oauth2id	gemfiles/2024/thape-cn/oauth2id/Gemfile	fa197b5d3a4a2233f93cc19eb4b9bbad923e398e	f4d155984e5c7b6abfc52d14f316026326d6f98892830126f08ba846a62e4be0
thape-cn/oauth2id	gemfiles/2025/thape-cn/oauth2id/Gemfile	e5fc0a5e766dad0a561af512e3d6c9710d948988	82b3d4509472871e8f19a05fc05fd52704e3cb7d7953b4803bcaab4ed2fe6453
thape-cn/oauth2id	gemfiles/2026/thape-cn/oauth2id/Gemfile	0ee28bfaf76c5716d328eddcc96f55f8e8ff0df0	d5e693d92990ed6c59b71c078ec7ab53d19ef5bdf2d36413c3dd45ad7d124c99
theforeman/foreman	gemfiles/2021/theforeman/foreman/Gemfile	a6471d0ac59ce83f6fa765da149e367aa6d459ec	d4779cd52b60821eb6d91a14585de0e2e0cb9a62f9af0e70dd0f4b524a0b7bd9
theforeman/foreman	gemfiles/2022/theforeman/foreman/Gemfile	f3881ee0fca2b8b3d78467a5013c7e4b0347828c	87756dd166909712a213fc922a609111f24fc625be1dcacbd9c3e44533b47fb2
theforeman/foreman	gemfiles/2023/theforeman/foreman/Gemfile	a1142ab9ef500e3206be1ff8a390431bc1b32de3	041875a0b3412f35327608d7a265528411a28abbb4087336e9d9a2250df6f332
theforeman/foreman	gemfiles/2024/theforeman/foreman/Gemfile	bc2dbbf8d90a69536586fafcd1014022be32da34	306a31c96b4246801aa51390643107670f11cbeaf26c31e4caa9519cd6cf0382
theforeman/foreman	gemfiles/2025/theforeman/foreman/Gemfile	2e415fc3b02486fe53f5bcacbfcc8c90760576ad	3ac71b3a46563212e038e011e3f6d85af5da4b805935d7c13b900057c9fb845d
theforeman/foreman	gemfiles/2026/theforeman/foreman/Gemfile	4c93fd398ebb2830ed3f7cc025be75d59f840120	83100e5b2186bdc12c01f55e5005a574bd63e7fdb21e9044218280269d1895ea
theodi/octopub	gemfiles/2021/theodi/octopub/Gemfile	ebb3a37e0dff10b4bc3abafb3e79e7129fc4cdf4	b8d74a430b1fae6719459054a87d6205388dcf89f19136ccb23f8eb03e970185
thoughtbot/hotwire-example-template	gemfiles/2022/thoughtbot/hotwire-example-template/Gemfile	39b521a8d5fd6c8a267322a5ab00613a862a0d11	2d000b9470ff016592ca78ccdd4403e74ac3996337634b720edd8678757482a2
thoughtbot/shoulda-matchers	gemfiles/2021/thoughtbot/shoulda-matchers/Gemfile	8362983d2a0d7cad8a534cc83056997a409bf7db	162d8fd096090ffeb88f8ee47ee0c07b65506b50b7142f9c0d9d9ca257981bae
thoughtbot/shoulda-matchers	gemfiles/2023/thoughtbot/shoulda-matchers/Gemfile	b8d04ee4c5ea3f75601aa4fbd469eac1c26d442e	8cd6374e8aa0fa1a0e280dad04ff1782a4b0a4234c5096a1fbd1cee82506bc0b
thoughtbot/shoulda-matchers	gemfiles/2025/thoughtbot/shoulda-matchers/Gemfile	c0b8352200b90642fef2edadfe0c4fb58f6ec0f8	c19c41f65c1e4f77800b5d03af3fd37fb11cff0c260e5ca61bbfac069a5aa4f9
thoughtbot/shoulda-matchers	gemfiles/2026/thoughtbot/shoulda-matchers/Gemfile	79cdfbc326e97c9b43991b644434ca53c1f62c4c	f448ae69ec66aba728723e098657df83aa6d02c9a201c90c7af233e1b5d2c8d1
tmatilai/vagrant-proxyconf	gemfiles/2021/tmatilai/vagrant-proxyconf/Gemfile	8068d4289dd270eaab889478c8ffe8cc8503838b	808d24a9fd0080569e38b0d7f8c3d98451c40b00752f488daaf4267071444160
tobybot11/hanami-bookshelf	gemfiles/2021/tobybot11/hanami-bookshelf/Gemfile	6bab0d665747862461f0350565bfca02313620d2	8970da04ba68364129b43b30a95472b5234d4919cf5348f2773b34bc7ebc97e0
tomatoes-app/tomatoes	gemfiles/2021/tomatoes-app/tomatoes/Gemfile	c53c74cae2d990d7849bb4c27c3cb425402d7807	894fb04448dc9ade3df7ec76fc13e3cbb2e0a7d968a6a91cff1c77d4ffb5930c
tomatoes-app/tomatoes	gemfiles/2022/tomatoes-app/tomatoes/Gemfile	93a7cd0a994fae15ce83f5abe00b96862eff8a11	58e5059be3eda7029b6ce1552ca4c3b7b65b1be17fdc225dc93aa95676d4b4b2
top4ek/shizoid	gemfiles/2021/top4ek/shizoid/Gemfile	9b9fa8a85247f84c6940fa4f919cf48ce053db22	d05fc62488019c2cd4c52d6cf6c111c388f7b1f525240dd9b413bc07c789adaf
top4ek/shizoid	gemfiles/2022/top4ek/shizoid/Gemfile	74a4b9a4a2272abd4f14284e53bb735af4622dcc	4d06e206ccdae2a5c6e118b0ea8aa90a608e315dd302a4dd02e71952a7a15cc1
top4ek/shizoid	gemfiles/2023/top4ek/shizoid/Gemfile	77b012741bbfe3b3e31b0c5758bd4a6044b38079	fdfcc8b002eb5c7f71d387ff8b63f3c8e218fa15064751d3c035daf48b85152f
top4ek/shizoid	gemfiles/2024/top4ek/shizoid/Gemfile	a4d37b498b89a96bf07c46bcef84b53b9afff765	8208aedaf1e22376c3e3faec30ddb058454cfca47517459dc68c502df554af4e
tors/jquery-fileupload-rails-paperclip-example	gemfiles/2021/tors/jquery-fileupload-rails-paperclip-example/Gemfile	b36a80e8d4f40c9dbf1423dcb825d9c701e32e12	9c5a22a6a937a923114ae378a4abaa98abbd35e3ec73cca4ad15f40ecb0e9f04
truongnmt/instagram-clone	gemfiles/2021/truongnmt/instagram-clone/Gemfile	58aab74dece0f07a4012b71cd745cff0f6a2595e	005e46bd4dd279b381d05df027052d98354fa273c898138c84036f74db251aa1
tryzealot/zealot	gemfiles/2021/tryzealot/zealot/Gemfile	1b6ebf0de40b8b2be87ec1cae1151ebab8501e01	669175180a74f6f77e2d04a808832c643fbf68d8107bfeb97b985064fb777d2a
tryzealot/zealot	gemfiles/2022/tryzealot/zealot/Gemfile	53096d75441ff99b16b17ec218ebfd5d57830eae	689c371eb24e4e549e63b83f782fa24ffaccb60df5fe4e4195b1515bd2e6e92a
tryzealot/zealot	gemfiles/2023/tryzealot/zealot/Gemfile	d6eac7d517c017ffa1bf26081f5a80f321ec2163	d3ab0c2a3d75ed96e81c78c86f6edd0d21dd4f6a04942a6218bd502a27ee200b
tryzealot/zealot	gemfiles/2024/tryzealot/zealot/Gemfile	c20a4f5c0756c4e852f207fa18caf6d716daf70d	7c604b16a6bceb42bae4ca471f0162f195bf999e2645fe0b0e1ab0ef9a2cacf0
tryzealot/zealot	gemfiles/2025/tryzealot/zealot/Gemfile	8a28bfc92139ffd881176cac34167703e2300359	f6e75d966cf6f4a645e6ab59885cd31448c0255ffa4d97cd7fd0f7a5a72cbe17
tryzealot/zealot	gemfiles/2026/tryzealot/zealot/Gemfile	7ff4e15ee8a5f9f4512f368e1aa83cb1e4fd11fb	138ed94b205d6a70a52a34fe396c205a51e06e2497280ff25c0f3dde6bc3e9c5
tutsplus/Deploy-a-Rails-App-With-Docker	gemfiles/2021/tutsplus/Deploy-a-Rails-App-With-Docker/Gemfile	5b65c320593f7491bf56e299c0c34f895f10cd36	340443c86d34be9960789e9ebdc1ef9b02cc9e9d47e40a321415e3dd1e6db169
twcbe/aiyanar	gemfiles/2021/twcbe/aiyanar/Gemfile	54f4de472afcf47cf5fb562b06b2381b7f56be9a	af19c100a09d54cc349b27482a24324a7ace9bcbae5bc919d5d74a68fb88c192
tybenz/vimdeck	gemfiles/2021/tybenz/vimdeck/Gemfile	2bd5828efee5054fd579e59320a40f13954df705	0fb09d2f3de4433ae70913ea3a1bc792c237656235a578ab2832f8f9bf4b7f8d
tzedakah/sample_blog	gemfiles/2021/tzedakah/sample_blog/Gemfile	0b10bc51694563906584052fadc021482d48721c	bba8f75b8845ba88d5ec48aee8dc4148e567ca95e2219d5bcb54ca3225ddbd95
tzumby/rails-on-kubernetes	gemfiles/2021/tzumby/rails-on-kubernetes/Gemfile	785c5b756027a9f77d341992b995633c10def5b1	acab8102d9e78a5e3e6d0c2fae443e11e7f3609510a9bd604c0b8010f239f222
tzumby/rails-on-kubernetes	gemfiles/2024/tzumby/rails-on-kubernetes/Gemfile	50e3588d743e4ea4f5ec65accb320e7575c316b2	e01a6b38dff31ebe8cd9c05cf2f03d8b50f9a8c5ca14ac3019655111ab5afb7d
ubicloud/ubicloud	gemfiles/2023/ubicloud/ubicloud/Gemfile	ba32bc7746c33e42419848fd8ab9d062a7b0fe25	296fb882c0dd45deef1f322e80cea7bccc75618113cfdbfc8ad32711ec2d8539
ubicloud/ubicloud	gemfiles/2024/ubicloud/ubicloud/Gemfile	db4e0dd47893fba0bb62ac224df8d833f0b1de5e	b93ebff2c4190d7ef140f49b5a18cdf37e09115f32b30ea08e6fffaa05fa6711
ubicloud/ubicloud	gemfiles/2025/ubicloud/ubicloud/Gemfile	18f8d5852506e4b906e97d427dda022189a0deb4	953f2d13207b19e4b2a586710354134d4bdc8d45866a7c54bddb384e30ccabd3
ubicloud/ubicloud	gemfiles/2026/ubicloud/ubicloud/Gemfile	1742f548c82bb188e2381bd885b3bec7dc8886c2	26315ffec4d6b2d1826fafb133258efcee2dc5083766a87332e7327ee19d3fff
urbanadventurer/WhatWeb	gemfiles/2021/urbanadventurer/WhatWeb/Gemfile	039304a828ab2b6234d1082af0bd8a6f5cb78a57	e9bf29725518c2058b9e3ebcf880a8b0cebab378215fe7ca3d1bc7bb17a745e1
urbanadventurer/WhatWeb	gemfiles/2025/urbanadventurer/WhatWeb/Gemfile	c42e1b938b94a82c681636bf2c3b485df6fe60f0	51fb9afcceda9609ddd179e923093ff349eece0c65480b8a8297fae9be2e4416
urbanadventurer/urlcrazy	gemfiles/2021/urbanadventurer/urlcrazy/Gemfile	93e910c4ab76dec8cc989d3b9db465ffa266bf5e	00d474608af686e5b15ff9c77cb28b1523b811200e61b9427f3bd9529efadc3f
urbanadventurer/urlcrazy	gemfiles/2025/urbanadventurer/urlcrazy/Gemfile	78bf6e855d6d83e387ae3b5c8ffc36f241b96f66	b8d67877f3e432a457e46bf695f1648df2fc737790d3c86bed77874069491dfb
usetrmnl/terminus	gemfiles/2025/usetrmnl/terminus/Gemfile	9ad3ce04e47f335a8039403688ce072c83b270e3	9a85e268772e022c3d3c3bcc2e068779086a3c8d61ff377f472a0c91c5157273
usetrmnl/terminus	gemfiles/2026/usetrmnl/terminus/Gemfile	0d66b376867bc9c0d5498160b9e7fe6094618961	ce6f9655f18c3de610d4e05b10a5b892c798afac5046e4d29cbf91f5b501d521
valarpirai/rails-boilerplate	gemfiles/2021/valarpirai/rails-boilerplate/Gemfile	abd69910b127eacccb8ce7cb1e22f293aeecdf3d	a0bb55f3b12caeb3be2b62e1b2d608355696793e3a3aa314e2d545e192556c91
valarpirai/rails-boilerplate	gemfiles/2022/valarpirai/rails-boilerplate/Gemfile	937ac6e7d3ceeaee42eec1915731fcc20bb77f13	141741ffc14bb7d68f5ca5d46afe1225ec32c86d10f3753fc9d1fbe61c301770
vasilakisfil/rails5_api_tutorial	gemfiles/2021/vasilakisfil/rails5_api_tutorial/Gemfile	e4e4ea7a847a1268d49168fdec68d47d3707ad43	bb6859afe88ff320a1c9aa78dcc10130c82fedab6988c40c499b10da6f035073
vbrazo/napice-ruby-on-roda	gemfiles/2021/vbrazo/napice-ruby-on-roda/Gemfile	6983bf1adeef3083c461bc22b4aa1684a790cfb6	db5965a91b27dc2ef5b558a6f11291b1176564095b0925bab1e6d72d7f5ac886
vbrazo/napice-ruby-on-roda	gemfiles/2025/vbrazo/napice-ruby-on-roda/Gemfile	3d573f01ad6d6bec324b67333a8da986290c2c5f	29ecc4d724d8ae9f295dc5bdc7ca540a49d32e40521b3f93427ae96e24090f02
vdaubry/github-awards	gemfiles/2021/vdaubry/github-awards/Gemfile	a0ac22a73a8df7236b311297337bd8bc980181d0	53ec2ea00ec3d34638024a8a0b8bf565e7d3dafeabdf5efd96883a770c5afcd1
veeral-patel/incidents	gemfiles/2021/veeral-patel/incidents/Gemfile	0f03a0b4e872fcffc13f0666d181f140a3fadafd	f5a5a1a2e16f003d4e1636ee2ec437d5fd56d59ffce53d80b28874d52d37c7aa
veuelive/veue	gemfiles/2021/veuelive/veue/Gemfile	d3413ccbb31ac382aa506499858696047c71e7d0	49be387a3cf0b9613e47cc1d5406f6c6f830e8b4c0fc11de1e4e63dd9ac50b36
vitobotta/streamvault	gemfiles/2026/vitobotta/streamvault/Gemfile	8ca1be0787b513c0924d8d7d9c18814d514a818d	84c2b7942bd0e7e4780f4203437d414e8532c4f52ca76b4be0cc6ffd10c1343a
voxpupuli/puppet-nginx	gemfiles/2021/voxpupuli/puppet-nginx/Gemfile	f52fb7c1c009aad27219f0134b6085fd02287350	1d6eea549930a8b494b9684c2e6d3c6593ed48395fea857ee93dd63aaccf02ba
voxpupuli/puppet-nginx	gemfiles/2022/voxpupuli/puppet-nginx/Gemfile	26f628594c7a0f912bef62aedd42050580760c4c	081e6e7c6d4993b7cd8e9c3b6086ce8426e1e50f6195a7c841f66e5a11d3e675
voxpupuli/puppet-nginx	gemfiles/2023/voxpupuli/puppet-nginx/Gemfile	7f11626c052846999e494c5146f9e42d0db97ffe	be9ce7781e4447353527f2416e982c087e85866279e3e21d5110be2bd61ef056
voxpupuli/puppet-nginx	gemfiles/2024/voxpupuli/puppet-nginx/Gemfile	071c48d4f8d20d2adbc4282588d9a0246182737d	8b465557f3579422391643e0e5a273f06542ecfabdebc2cd57d9ece73f9353e2
voxpupuli/puppet-nginx	gemfiles/2025/voxpupuli/puppet-nginx/Gemfile	4d660e2173fbc061c8ffe8fd429374d81db7be68	321647fe77e157a258b17eb512adab25b0dda6f79495ed244f82ea78d52b079d
voxpupuli/puppet-nginx	gemfiles/2026/voxpupuli/puppet-nginx/Gemfile	faf245bcb7a610c57862040393d055eb5360d1e5	83a0dfb3dd4ec30813ec9a21085ad673fe6bfaae761aa977393e7be6b353e742
vshvedov/neuz	gemfiles/2026/vshvedov/neuz/Gemfile	51ab59071b88b40d064f33b81ff1e1c4d2c4a885	1ffa7ffd2d1f86cc4e521356e9a3e1348b61b56486452eade1cdd0ded5d60c63
vtu-datatools/rrchackathon	gemfiles/2021/vtu-datatools/rrchackathon/Gemfile	fb90ddd492e5aa191bcbb1c5316986fdf9e37019	18c9911640cd17f7b4442c0fde85a5f85f7e2965753e3ff4385095e65d25e29c
vyper/upkeep	gemfiles/2021/vyper/upkeep/Gemfile	154a90d170d46a7994986bff1bb13b042979b41a	3644cf63fb3933f3dbf5f8dddf9513a45c3aab4560c6a9fe69b59709dc313178
vzmind/salesforce-padrino	gemfiles/2021/vzmind/salesforce-padrino/Gemfile	6618ea034ba468f15799fefe6769d0e59f287430	8e87e4f827d97bb8cf6665a4df9665566acb5ff0cfc64a86f097cb685084e7bd
waiting-for-dev/hanami_2_web_pipe_todo_app	gemfiles/2021/waiting-for-dev/hanami_2_web_pipe_todo_app/Gemfile	ea108c141f9e9c33ecacaeb94f0bcdbd2bdd9f60	4f7b6a37f45ccccc0be991d93907f23ce41307fd4a7e1eaee2ad13f9045ad7de
waiting-for-dev/hanami_2_web_pipe_todo_app	gemfiles/2022/waiting-for-dev/hanami_2_web_pipe_todo_app/Gemfile	0cd7b09e56431dfc9cc420c9d07d4a91fe941e99	b0aa38da249bbed33ef38e5d35e2dc77a253bd6ba99ad9bea8402e960a2c6acf
we-promise/sure	gemfiles/2024/we-promise/sure/Gemfile	5d1a2937bb849c5171bf0df94a9a54d67577d62f	80e078ac83918c270f6b4ced33b4f016cb0dad0bace1b940f8fd9fbdc00862e9
we-promise/sure	gemfiles/2025/we-promise/sure/Gemfile	b3330a318d0211ddb91f1c019200a39e4e632f24	920c526e96c9e335cab001ac48f9e0b2765931d2a532e01a2e002e857b186f8d
we-promise/sure	gemfiles/2026/we-promise/sure/Gemfile	14638a70181d9adadc75e7d47d5b2975ee18bf46	163bef04dac79733e6519c565d4a5e835415ee5b4c239edac89de3b631e55ee0
webcoderph/hanami-example	gemfiles/2021/webcoderph/hanami-example/Gemfile	899ee8c069584b1f24e6df624a2dd94c0da70df7	47df2928386ebb4411ccc28ada11af48d0a1320ee8e774f2a34bed7efc079d17
wojtha/dry-roda-playground	gemfiles/2021/wojtha/dry-roda-playground/Gemfile	d1391a17080bc784951a467911289497e9513049	6e009217ce6cf773f75bac63594b4691c16ae3138c92a05977dc1a1aace7a919
wuarmin/try_hanami_api_and_dry_system	gemfiles/2021/wuarmin/try_hanami_api_and_dry_system/Gemfile	1f4cf5f93b5ac8493c554269c0a68b30fd938fdf	7453d5bae7252afb7014abb863c4f3e7af4f45298c70da48f1f924538c1ba4c0
wycats/rack-offline	gemfiles/2021/wycats/rack-offline/Gemfile	355b2ecd88667857b26852a84a297c60fed7fc2d	6c8e37964ff0a536c2f235089cb7269f3071c5f0a1473f76f8dab0721e4ca369
xronos-ch/xronos.rails	gemfiles/2021/xronos-ch/xronos.rails/Gemfile	5978d97073c2bcdc55ee7e267f0073d321d09bf0	9ee9c4ecc5abbc03e1c369d9dde6d09ddb0974fe4056be941ff84887512d06b9
xronos-ch/xronos.rails	gemfiles/2022/xronos-ch/xronos.rails/Gemfile	db7655c0ee45d9165dfb21f3c71ce168b395d694	d7c77c41c5daa22c6b7150f6556fd337cadcf67b8a155472cf5c698d7b5dcf03
xronos-ch/xronos.rails	gemfiles/2023/xronos-ch/xronos.rails/Gemfile	82bc94af2696f5c5eb35952b6ef70cca62af51ac	067996cde3033b7a06a5edf9bd61bbe9632a9c74de50537cadc9d2f364547e78
xronos-ch/xronos.rails	gemfiles/2024/xronos-ch/xronos.rails/Gemfile	dbd9c6f67097e2da401b77fdc6c45477191ee6e1	36979a8d2004b17a702e598f6892a7b051c6e35d9414a930c81ce599243db309
xronos-ch/xronos.rails	gemfiles/2025/xronos-ch/xronos.rails/Gemfile	dd13cd70ab732b9c4936903435b1dd340fee4114	d68045e392272eb936fb4e869f1c8e080ca727608b4fc61cff044cb2b1c06183
xronos-ch/xronos.rails	gemfiles/2026/xronos-ch/xronos.rails/Gemfile	b21232c2eac78561680604c1c4b8daa99ffb8aef	606464ccfd823774c8bcfb40a92e46e2597c01724057d24fb64e688efcf308f9
yasslab/codespaces-railstutorial	gemfiles/2022/yasslab/codespaces-railstutorial/Gemfile	d8ca319683c4e05e4dca562c5934cd12f55a3ce9	0c2ed919770c66da94482363174a5420e5e43571198d2ec2c15a895e13fa56bf
yasslab/codespaces-railstutorial	gemfiles/2023/yasslab/codespaces-railstutorial/Gemfile	e8744ed6c4015447cd4f7b6a308d32123ebd7139	9a578c4e4cef243bf7fe1de9c7e01c2b8e5af6f9d2ad1d27606d5160187f881e
yasslab/codespaces-railstutorial	gemfiles/2024/yasslab/codespaces-railstutorial/Gemfile	0732b0c4c366b265bf7e9df5d3e3269a106137ba	ed7f91bf01a321f26d181ae5536492c267ca48dc85462de82fbac1443fe8ff85
yasslab/codespaces-railstutorial	gemfiles/2025/yasslab/codespaces-railstutorial/Gemfile	2ed4d029fba125c37843b7c73035e309649f8b34	e6434c757673754fd5020dfccfa9956dbcf45bb6dd3a21f4fbbf4eb260b230c1
yasslab/codespaces-railstutorial	gemfiles/2026/yasslab/codespaces-railstutorial/Gemfile	0c77a2d93fe73edfbf37e1d065dbd52aafcb0eca	2399dfb0bde53b6f16fd8275e0b7620858f17da90086d9a9099c6b59bbd023f7
yatish27/shore	gemfiles/2024/yatish27/shore/Gemfile	5c98978e5dcc2ae5c99041d330cb426a7a6b0653	ffd2fa07c75e0e66f68d993228e49fa1da5b60b080b973ea8721f9c682f973ad
yatish27/shore	gemfiles/2025/yatish27/shore/Gemfile	7f202d37fee50e2439a1d49be0b410c63d0bac7c	a8904f711ca8e5a08826a76475f69cf0f0a3c6b58c5502dc31f208155ac65ce7
yatish27/shore	gemfiles/2026/yatish27/shore/Gemfile	0211486b9b350cca0a25ce608601e960d61f985e	8646ddde80ef151843886bf2e6f279142ab35b2429b62a77984e4c982d853a8f
yegor256/0pdd	gemfiles/2021/yegor256/0pdd/Gemfile	8d8b8e1d101acd3b7dbfe3c893acfa6a3bc8e265	8a98e3617eccde075934a1254048b60c80eb442e23a1e518c106ffd6712c9df1
yegor256/0pdd	gemfiles/2022/yegor256/0pdd/Gemfile	713f67f4d113e3900adda67b979a6b5cde244bd4	168107f464bde8b6e6919ab2411d77972cfcfa299a71cb5dd7eaafb903ed6f7f
yegor256/0pdd	gemfiles/2023/yegor256/0pdd/Gemfile	b5ce1be1e710b0ec239ff9cfd22e968ff5633eba	b27a07d1232cfd5caa31751d60d9c77cf4fd1979be40d32a058e9957172884b9
yegor256/0pdd	gemfiles/2024/yegor256/0pdd/Gemfile	3faeafc6910addfdfac985d65212cd46e1863775	0e5b0af72908333459671a1bb5b9296e7c66028f29b194781960e8b842b3892d
yegor256/0pdd	gemfiles/2025/yegor256/0pdd/Gemfile	a18c57bcfb88dad039a09eeecbc5356257ebb380	78f545deb006a604893eb85b430447c3b06666979c36756e4738611e6ad7f960
yegor256/0pdd	gemfiles/2026/yegor256/0pdd/Gemfile	1e70d938aba5bada7241c97697d1e21283adea64	53d392ba85a84413a8202f43a9339f011ea319d08e8c8650d7c0ba7ce2334444
yegor256/mailanes	gemfiles/2021/yegor256/mailanes/Gemfile	a1090d8a89060f6edceaf64a2b7660cbe0b6490c	3523584774043c58a7b0773ab2b17b07bcb49d0a0c2344f5f04305276a0bd178
yegor256/mailanes	gemfiles/2022/yegor256/mailanes/Gemfile	99ae506ddd1f20a042b9d188ad97990c2ee1a749	bc262b3f30c5d835c580bdddd150c568d75235cc6e0741b4ed0bde875f989983
yegor256/mailanes	gemfiles/2023/yegor256/mailanes/Gemfile	8b60f02f19eed8fc2f43beb9975df09b78c3c38a	eeb882f4b14a3ba946077510acd2d7e57e1e2a62df1dcc76eebe7d6acf25094d
yegor256/mailanes	gemfiles/2024/yegor256/mailanes/Gemfile	5f38a4b97facf7bfb01f459d883898e62248dc92	32f1ee6bb20129c24c1a99b3748ae2f5332b3a18a566d2c9b4fc55f741088473
yegor256/mailanes	gemfiles/2025/yegor256/mailanes/Gemfile	118ace5a2497f1d000748327c6c4157bfd7354d8	3d3a81db066abfcdbad9af1e86bba6f87c8eb53090f3915414d74c42ff4e23fe
yegor256/mailanes	gemfiles/2026/yegor256/mailanes/Gemfile	77ceb3a5a7a27c5c6cef5810281906a107917276	6c210be26c95ae5974e6b868650783534400e81c698ba3846b71e3034e1449d9
yshmarov/moneygun	gemfiles/2024/yshmarov/moneygun/Gemfile	ee2bc99db95916c8ed08ac7845c5f3951e44caf3	6fe75ea79f6f15f38e8e8af2e8a81bf9f129cfbdc3d0e0e55351a83a663ae3fb
yshmarov/moneygun	gemfiles/2025/yshmarov/moneygun/Gemfile	c64d5c50fae2005100e38a5f24840125bf42acef	1905035c82df374522071c56fb6ff5eba038207071f920a56122da05a13fae78
yshmarov/moneygun	gemfiles/2026/yshmarov/moneygun/Gemfile	b2ccf8ac61a1b892c9b2e5fd599d0401b31ad406	071796bd14bf1ff9a44eebd9d3731cc544762bb49267afd56f0af40ae3885a22
yuri-karpovich/api_hanami	gemfiles/2021/yuri-karpovich/api_hanami/Gemfile	9bc9d28a179d563a69c34988ca41da24f073e087	b74567b845f64b668563b1e4fb2b64326887c739e285b0bbe51f128ae718397c
zakariaf/rails-base-app	gemfiles/2021/zakariaf/rails-base-app/Gemfile	fbdbfcbceb99a28a572c0cb5c5b8b1ac029e69c7	8954a7a4c42c5782b47b1e8a82265d2da2da2a1968f706b87e62daadd25fa7ea
zakariaf/rails-base-app	gemfiles/2022/zakariaf/rails-base-app/Gemfile	8c191e4bfd3c60b7d289992a6bf874a2a1363951	03a4fea0f32858aba79f927bd72e8afd3b2b74407b7bb121d617b0be13223783
zakariaf/rails-base-app	gemfiles/2023/zakariaf/rails-base-app/Gemfile	16afaf50ef7223fef1202c72dbeff8bdfe09ad42	17c5bdf25537adc5fdb78156f074c5ebaf322f192be5b6aae9936fdd3504430d
zammad/zammad	gemfiles/2021/zammad/zammad/Gemfile	33753a3e16544570dc428c2c6f407aacc390b7bf	5dcdcc764105f0be37984c9de7b1140e511bea3a1aaeced2c9f499998e3b15e8
zammad/zammad	gemfiles/2022/zammad/zammad/Gemfile	83ebd410272d89a0bd3ed9bf50ce19cd4f703bfd	3220e8695153e67f4d0842964348b17ebd3d706a5622231a1fdf292f256bf104
zammad/zammad	gemfiles/2023/zammad/zammad/Gemfile	d2f54d814d445d45021a45bc97aea0c2b95c97f8	c681f98b8d378ed81900466be79c9096f15cd20018e8bef20c24440b0c7b4308
zammad/zammad	gemfiles/2024/zammad/zammad/Gemfile	e17a4d054b70992f03a75f7deb26fbcf70f97e7f	2b4e8541f8523d35b0f21e89b57f3784b21b1eaf11a0622590e16757c580ea27
zammad/zammad	gemfiles/2025/zammad/zammad/Gemfile	85ec8bfe0b0e6473f7d2170b127c40057a1f534b	07ef0e845e03169ab776d58150cc2c1ffb28b931e0c2be9b0254bc16a4286ad4
zammad/zammad	gemfiles/2026/zammad/zammad/Gemfile	6e1d0882ef793d825c4749557cb68ac358162167	e45ee446f168682936c9792f26d19a3840a821628fe4e47f043abe13ecf43907
zapnap/sinatra-template	gemfiles/2021/zapnap/sinatra-template/Gemfile	38edefcb288775751525cff0688ea3d0804808fc	8f9f4fa7ca8a4483530c226ee84ec2861dbb17eefc1a5b7d2958ad04705b94a8
zauberware/rails-devise-graphql	gemfiles/2021/zauberware/rails-devise-graphql/Gemfile	f3e71d39e9e5bb7d282af4546c65ccead6c67fb0	ec6048b43fc5020758d096daae144d5016e6ecd36f6f5b93f1fe1466ba168c9d
zayneio/open-flights	gemfiles/2021/zayneio/open-flights/Gemfile	59db3c9253566ad7d2d093221597a31291a8307f	36406c6842c7da0571f206cc837655c6af442521d538b1012b7a1e0565e74da6
zayneio/open-flights	gemfiles/2024/zayneio/open-flights/Gemfile	38c860938f40887a93ba2727a181fb5200b99ef2	5b9841363ee64470920d97a589d714bd8c0a25a9287ece84b1576392ffb49ab8
ziptofaf/gdpr-rails	gemfiles/2021/ziptofaf/gdpr-rails/Gemfile	8df51834e09e4998a1519782f207a97bcb77ac82	c4f31f223efe6cf6a0335c2dd852cac1c8ff0f6a65bb82245aaf3eec93997dcd
zquestz/em-shorty	gemfiles/2021/zquestz/em-shorty/Gemfile	66a3e6488f36dd4e70e18f630a5b223e069296d2	1e99a98112b73f8bcfd6e720fa1e19a5718ff08e009174dc3531a63b534cbafe
zquestz/em-shorty	gemfiles/2022/zquestz/em-shorty/Gemfile	eca363ccce3d7d897508f596b574d87a077fa456	53dc499fcb56c4b4dff0902eff785f216c95b636b5d702fe867be9ea06e53bfa
zquestz/em-shorty	gemfiles/2025/zquestz/em-shorty/Gemfile	a73e7ac66958ccc30b6ae78822c3c9709182b349	188989563df9b9db820785af7f36537104884c15d68f98ed23a0a218a90592e6
zquestz/fp-sin	gemfiles/2021/zquestz/fp-sin/Gemfile	2fea82a1e92f0338559afa58eb77ad1e7225b090	95001b102a749606a7c9abad048697b856d321f4cffc9234960e4409ef330445
zquestz/fp-sin	gemfiles/2022/zquestz/fp-sin/Gemfile	e1b91d491573077c668a5f098b664d6c7e8b8ee8	26f63f64ed5e242816982392e3a94f6fd73f29af625232bee46dd617923005ae
